,confidence_power,imputed pseudocluster,conf_bool,conf_scores
5_17_380460,0.877,0.2411475997641998,True,0.06597036416853952
5_17_380518,0.79,0.4041617332546508,True,0.042964035535407175
5_17_380548,0.651,0.2278641432534469,True,0.022033686158075882
5_17_380660,0.833,0.4273320938465712,True,0.0544222856077089
5_17_380687,0.8,0.4902949823983006,True,0.0457061112991598
5_17_380704,0.725,0.2638402045699224,True,0.03196268521744072
5_17_380789,0.745,0.4127538550379926,True,0.03580968715673649
5_17_380809,0.926,0.3348647889268162,True,0.08000879461292654
5_17_380872,0.709,0.2550200298246908,True,0.029929393679504646
5_17_380877,0.71,0.5273429506318671,True,0.030099236071048585
5_17_380894,0.693,0.25885332192326493,True,0.027688603747942353
5_17_380934,0.874,0.43696246087477814,True,0.0643983220298242
5_17_380942,0.823,0.5919934161237038,True,0.051902757885498696
5_17_380950,0.812,0.4363358681359272,True,0.050942405932610235
5_17_380978,0.77,0.26188473192784956,True,0.03931430412546366
5_17_380979,0.579,0.23626884810530052,True,0.010843095724675345
5_17_380986,0.237,0.35362373792793383,False,-0.04043851446949143
5_17_380998,0.903,0.4068960061543285,True,0.07384518524228756
5_17_381019,0.979,0.36460132561419933,True,0.11927161787984819
5_17_381027,0.91,0.4358460632573764,True,0.076086056917403
5_17_381064,0.957,0.48791984238511077,True,0.10102426610295911
5_17_381078,0.196,0.5058616761038799,False,-0.047915083425580596
5_17_381087,0.935,0.44240829585920005,True,0.08333868875421968
5_17_381090,0.586,0.29754427494900815,True,0.011600141381228668
5_17_381241,0.995,0.2613611481956001,True,0.15278897797959734
5_17_400820,0.811,0.21132200084741995,True,0.050300629938969554
5_17_400934,0.777,0.3979878714188159,True,0.04096832813933304
5_17_400943,0.121,0.5667497330095665,False,-0.06346024304692532
5_17_401081,0.993,0.6585678799941047,True,0.14452548563149636
5_17_401108,0.582,0.48764591859968903,True,0.011191586120662844
5_17_401118,0.629,0.27863142492026116,True,0.017755970640755292
5_17_401197,0.913,0.3583863463184727,True,0.07642252437676011
5_17_401263,0.957,0.19210744993160608,True,0.1009837742095403
5_17_401330,0.744,0.3058856170552317,True,0.0354917109511651
5_17_401375,0.16,0.57315328656853,False,-0.0554606529309678
5_17_401377,0.971,0.41056345986003007,True,0.1123236495611365
5_17_401398,0.042,0.4534047544372379,False,-0.10399548017936766
5_17_401446,0.241,0.4407879046188413,False,-0.03939614815983217
5_17_401472,0.903,0.38273111089805234,True,0.07404183506727346
5_17_401487,0.54,0.2377479937264251,True,0.00521974261602709
5_17_401493,0.748,0.2392313898936396,True,0.0367141165688335
5_17_401494,0.791,0.22697941111231565,True,0.04346266707028479
5_17_401500,0.888,0.492865567385143,True,0.06875379971496498
5_17_401552,0.635,0.199888695830553,True,0.01861995784691295
5_17_401553,0.604,0.39512254501567895,True,0.014080374716834987
5_17_401591,0.795,0.26167369401302265,True,0.04429653373955378
5_17_401594,0.945,0.2379092825777847,True,0.09189870966165714
5_17_401618,0.913,0.39150610079428827,True,0.07650465722788868
5_17_401654,0.457,0.3104647190422162,False,-0.005521421153082073
5_17_401761,0.756,0.4044097194868552,True,0.03754888008117219
5_17_481569,0.088,0.35995380104207086,False,-0.07517186157131217
5_17_490272,0.948,0.30467530546953414,True,0.09366667647491589
5_17_490299,0.907,0.25834124079110576,True,0.07475129007882375
5_17_490364,0.439,0.2578385467834324,False,-0.008718157457927367
5_17_490392,0.847,0.29172362961890164,True,0.05854639110194615
5_17_490496,0.83,0.34072529046109634,True,0.05385694928661411
5_17_510987,0.936,0.3088427614773617,True,0.08387630672584445
5_17_511048,0.919,0.4043734153066808,True,0.07819179162737722
5_17_511076,0.898,0.4122493730563466,True,0.07226115779535269
5_17_511098,0.457,0.4026324822862104,False,-0.005500081145572766
5_17_511165,0.77,0.22169680195564975,True,0.039645353920685134
5_17_511186,0.875,0.39453139875400917,True,0.06519416566398184
5_17_511242,0.375,0.3063267012044277,False,-0.017433501392107642
5_17_511277,0.775,0.44221117433149265,True,0.040397444294158036
5_17_511290,0.288,0.25629748326022156,False,-0.0313157259769834
5_17_511316,0.685,0.22795305587572656,True,0.026577844529015238
5_17_590858,0.396,0.16099471747090932,False,-0.014726779069083706
5_17_590874,0.126,0.16825801069104165,False,-0.06211727185404259
5_17_591710,0.987,0.2598319092247559,True,0.13269365281954082
5_17_591740,0.794,0.17756198782957347,True,0.043869657402524465
5_17_591776,0.102,0.2181642300310438,False,-0.07064856763724814
5_17_621071,0.066,0.242191488216373,False,-0.08409954899128169
5_17_621270,0.641,0.7493599259957672,True,0.01938538073946805
5_17_621280,0.959,0.2768854238909455,True,0.101986269793225
5_17_621298,0.987,0.2676098912952322,True,0.1297353539516003
5_17_621302,0.937,0.2131890810520274,True,0.08503073433677533
5_17_621322,0.968,0.21096724839652836,True,0.10749164715941151
5_17_621680,0.79,0.22047426020373004,True,0.04232796063142985
5_17_621740,0.262,0.1942851152282452,False,-0.03612343298585152
5_17_630792,0.996,0.14833921261118133,True,0.16611253321276997
5_17_630810,0.96,0.3619493092028491,True,0.10283592048226886
5_17_740666,0.445,0.3745718203477128,False,-0.007550374020862227
5_18_1150822,0.929,0.26155449023948363,True,0.08080531830808102
5_18_1150851,0.843,0.22999794562775802,True,0.057633659911746515
5_18_1150881,0.582,0.3581775392944026,True,0.011255370938172748
5_18_1150937,0.977,0.24869474556222035,True,0.11773364837816103
5_18_1150942,0.611,0.46402279504802846,True,0.015019130812467418
5_18_1150975,0.881,0.4254879347203759,True,0.06730737326820269
5_18_1150982,0.632,0.30029599238769783,True,0.01834746804760956
5_18_1150984,0.983,0.45329232158559696,True,0.12612280747728244
5_18_1150986,0.729,0.40728967927920895,True,0.03255140273440049
5_18_1151016,0.651,0.23636531466463678,True,0.0219218336629049
5_18_1151044,0.936,0.4276559718257457,True,0.08446703046026072
5_18_1151063,0.831,0.3725536916082882,True,0.053931777087304456
5_18_1151102,0.61,0.6034878366804222,True,0.014955368348987252
5_18_1151167,0.547,0.2769202591800335,True,0.006229345369376693
5_18_1170961,0.872,0.3895264147167407,True,0.06348010716550145
5_18_1171019,0.933,0.4362523612965013,True,0.0823094603570993
5_18_1171075,0.932,0.4183094158236013,True,0.08207905957633932
5_18_1171078,0.412,0.4691994183835588,False,-0.012888363705638506
5_18_1240575,0.003,0.5970012418241274,False,-0.15493589559877408
5_18_1260384,0.931,0.40176194721744213,True,0.08115685581054777
5_18_1260496,0.611,0.45703588303090065,True,0.015126469647752772
5_18_1260583,0.871,0.22618939912126762,True,0.06335257447712461
5_18_1260700,0.694,0.6921832078909539,True,0.027792199861835787
5_18_1260767,0.641,0.3560287721340426,True,0.019507189436395733
5_18_1260780,0.932,0.38107974770431163,True,0.08208686658970488
5_18_1260783,0.782,0.32389784890500173,True,0.041762976055719214
5_18_1260790,0.639,0.3501585248002435,True,0.01907766538716782
5_18_1260793,0.472,0.5903335977896158,False,-0.003420657621664658
5_18_1260808,0.612,0.3885658416154226,True,0.01560468249224889
5_18_1260829,0.557,0.27567875071730114,True,0.008285654473337511
5_18_1260839,0.883,0.42118421991888133,True,0.06778839981830409
5_18_1260842,0.837,0.28199714379492374,True,0.05570186879964423
5_18_1260849,0.92,0.345365860502921,True,0.07870413677371224
5_18_1260866,0.843,0.24424557773950828,True,0.05724120693054546
5_18_1260911,0.983,0.3276839910708344,True,0.12483648401238412
5_18_1260913,0.323,0.4006014415260435,False,-0.026734598813074495
5_18_1260918,0.685,0.45357934192594923,True,0.026503003250618273
5_18_1260921,0.782,0.359279722586359,True,0.041695390174716795
5_18_1260933,0.298,0.32805105283204994,False,-0.030473456888738815
5_18_1260944,0.972,0.2409467310347266,True,0.11288612114568397
5_18_1260962,0.796,0.39178765187548653,True,0.0444104420878102
5_18_1260968,0.94,0.43707765877353716,True,0.08642887204266392
5_18_1261010,0.836,0.45611383508067,True,0.05555938132845972
5_18_1261023,0.991,0.41176576412676474,True,0.13800455024490388
5_18_1261041,0.293,0.7122287549457517,False,-0.030761565377548594
5_18_1261049,0.936,0.4286362894345381,True,0.08472210547519987
5_18_1261083,0.71,0.2947066028721814,True,0.030087068781460724
5_18_1261195,0.838,0.23075100757686015,True,0.05634434215071826
5_18_1281049,0.649,0.47257663625452995,True,0.021480813974920743
5_18_1281162,0.654,0.2735578660360929,True,0.02257163454995037
5_18_1281179,0.92,0.46471586866060693,True,0.07861694002898423
5_18_1281327,0.91,0.7671588358148835,True,0.07574003637577353
5_18_1281482,0.991,0.24727340702096692,True,0.1373437693895072
5_18_1281495,0.547,0.2966361092468963,True,0.006107077514631021
5_18_1281514,0.359,0.2889583226053601,False,-0.02054219137071045
5_18_1281526,0.476,0.3156157353336755,False,-0.0029744184869311407
5_18_1281548,0.794,0.3996590957363095,True,0.04403645689760782
5_18_1281549,0.389,0.43403029871718707,False,-0.015308679702073169
5_18_1281559,0.655,0.43802551049520605,True,0.02273153366971492
5_18_1281560,0.94,0.4256901008756071,True,0.08629426461909195
5_18_1281582,0.838,0.25144481623708703,True,0.056246544500380025
5_18_1281593,0.79,0.2714411628076199,True,0.04291488678299238
5_18_1281629,0.752,0.2535223633181683,True,0.03686825339543898
5_18_1281637,0.903,0.19197955134765674,True,0.07448581241808205
5_18_1281649,0.608,0.39498914814676994,True,0.014565724895048926
5_18_1281654,0.322,0.28583818318223414,False,-0.027112203764784182
5_18_1281656,0.848,0.37377340815941235,True,0.058971800919819906
5_18_1281672,0.379,0.30134548660763394,False,-0.01678733256097442
5_18_1281676,0.599,0.38562847185134713,True,0.013327721043998264
5_18_1281694,0.87,0.4539293383630726,True,0.06320366533626276
5_18_1281716,0.177,0.330865781344175,False,-0.051216492313616024
5_18_1281732,0.056,0.43016568057895843,False,-0.09091364559028703
5_18_1281739,0.697,0.38789696232604937,True,0.02852405571050065
5_18_1281754,0.202,0.40035671412545465,False,-0.04705821388041209
5_18_1281793,0.933,0.3953816045773738,True,0.0821493823456142
5_18_1281832,0.881,0.357160186531959,True,0.06711753837120649
5_18_1281836,0.889,0.23814718039274285,True,0.06949378796484429
5_18_1281872,0.945,0.2729026812169575,True,0.09176219629886428
5_18_1281878,0.77,0.30250495025147706,True,0.03957788628748449
5_18_1282278,0.249,0.1990112310269988,False,-0.03773736404604411
5_18_1290163,0.334,0.1947462397233015,False,-0.0250910957910222
5_18_1361874,0.868,0.20567905441993145,True,0.06262394803890547
5_18_1361898,0.923,0.3391034445395545,True,0.07927435307974506
5_18_1370083,0.867,0.33016961270863937,True,0.06243723171378446
5_18_1391139,0.863,0.4030801530469264,True,0.061704896333393267
5_18_1391155,0.436,0.22406517416015867,False,-0.009281536877860486
5_18_1391162,0.445,0.20221684299937417,False,-0.0077089957025553435
5_18_1391382,0.9,0.3108432465932242,True,0.07349750024347756
5_18_1400233,0.875,0.2819362322903532,True,0.06487004086250026
5_18_1400264,0.968,0.2165630254134545,True,0.10647609150498494
5_18_1470619,0.249,0.24910614536537593,False,-0.037852569944366365
5_18_1470657,0.995,0.4881578083209717,True,0.1551480931426843
5_18_1470682,0.994,0.21413453143854305,True,0.14914598028240889
5_18_1470709,0.995,0.24621296294564823,True,0.1583387713421388
5_18_1471611,0.92,0.24404304245916225,True,0.07844996958715911
5_18_1501725,0.122,0.15003116379260695,False,-0.06310966818034136
5_18_1510247,0.173,0.15262448285643548,False,-0.05175520084736096
5_18_1510446,0.983,0.18729924703447443,True,0.12419320113010446
5_18_1510484,0.91,0.24876714221173832,True,0.075385727398384
5_18_1510531,0.713,0.3093997370765434,True,0.03044072528923636
5_18_1511199,0.986,0.213339611501712,True,0.1293330663637785
5_19_1810289,0.073,0.5575865960931872,False,-0.08099228709663664
5_19_2030270,0.651,0.19752162302811255,True,0.022047694839420262
5_19_2030319,0.316,0.3192065796631225,False,-0.027674512097842774
5_19_2041963,0.806,0.22816005397003714,True,0.04726972789612294
5_19_2050258,0.54,0.4227744682859148,True,0.005196773429002488
5_19_2050293,0.907,0.4262394836264365,True,0.07509801923023274
5_19_2050569,0.614,0.2508097338653718,True,0.01578904549074822
5_19_2050599,0.791,0.4610083976623194,True,0.04341925200363017
5_19_2131561,0.934,0.2507249082105836,True,0.08285872519325155
5_19_2131779,0.392,0.41500773042179573,False,-0.015037283021372305
5_19_2131803,0.681,0.2240450025728133,True,0.02593924685432414
5_19_2131824,0.77,0.2634821456461522,True,0.03966148286436211
5_19_2131844,0.936,0.4071218554144004,True,0.08425767229418202
5_19_2131854,0.202,0.41586546637570465,False,-0.04692184264791721
5_19_2131909,0.492,0.5925744481811474,False,-0.00108934839095709
5_19_2131932,0.717,0.39149095356148483,True,0.031054843512557606
5_19_2132056,0.449,0.33803669342038195,False,-0.006874138935362595
5_19_2132072,0.81,0.31555114780598587,True,0.04881720163136993
5_19_2132093,0.353,0.2725855096639693,False,-0.022315342357659196
5_19_2132100,0.257,0.3356295519529067,False,-0.037083262727475086
5_19_2132110,0.679,0.37812188095077437,True,0.02562628478256379
5_19_2132119,0.594,0.5932380363929848,True,0.012730023450776007
5_19_2132129,0.567,0.3760658569636271,True,0.00998352855416107
5_19_2132141,0.764,0.44808145457335635,True,0.038675598688626356
5_19_2132143,0.619,0.34495090966206093,True,0.01697077871143504
5_19_2132181,0.21,0.31525507782237616,False,-0.045834225967403164
5_19_2132182,0.438,0.4242617483178406,False,-0.00884733998602738
5_19_2132186,0.745,0.4170033955700028,True,0.03593848400017319
5_19_2132205,0.587,0.32364495995127057,True,0.011886095811518338
5_19_2132207,0.841,0.3118243354434917,True,0.056800459111991275
5_19_2132212,0.842,0.5054497975090151,True,0.05695039537644764
5_19_2132229,0.678,0.3645794831258126,True,0.025274279495784424
5_19_2132256,0.81,0.41590661743052276,True,0.04820626386685911
5_19_2132257,0.888,0.3753663938136679,True,0.06888771610968969
5_19_2132268,0.445,0.47680092078910297,False,-0.007651207243728919
5_19_2132274,0.719,0.41811466144319814,True,0.03125523919221951
5_19_2132275,0.81,0.3029607795952007,True,0.04908483108477779
5_19_2132278,0.953,0.40047948803276695,True,0.0977602197323546
5_19_2140173,0.22,0.5631222302299486,False,-0.043689070149882214
5_19_2140178,0.839,0.24202336077303327,True,0.056545854348340696
5_19_2140184,0.594,0.42080790822938885,True,0.012766831854099325
5_19_2140198,0.617,0.35920884006218584,True,0.01649797525324037
5_19_2140209,0.569,0.3829926723662507,True,0.010132136449363727
5_19_2140232,0.739,0.23794870489549283,True,0.034985754500424626
5_19_2140237,0.539,0.45449300905662404,True,0.005049804726454998
5_19_2140239,0.674,0.3655903338943709,True,0.024596400196778334
5_19_2140308,0.689,0.40609276561185625,True,0.02729221940699922
5_19_2140339,0.77,0.3736027480097934,True,0.03960040441538282
5_19_2140344,0.581,0.2149860061212687,True,0.011136232187840878
5_19_2140349,0.686,0.47399269216973544,True,0.026624795718242167
5_19_2140360,0.974,0.41262681181290767,True,0.11405263228196671
5_19_2140367,0.922,0.26529903022392853,True,0.07894678573933422
5_19_2140380,0.605,0.3767929290497599,True,0.014336040316441201
5_19_2140474,0.817,0.4264541927319702,True,0.05126200443106299
5_19_2140548,0.287,0.23560974263378337,False,-0.03149562559809693
5_19_2152568,0.842,0.37560682348412683,True,0.05696482854937435
5_19_2160489,0.94,0.24340717544488852,True,0.08764327119786919
5_19_2160623,0.244,0.25902527159402794,False,-0.0383337065840863
5_19_2160639,0.647,0.23275183767529828,True,0.02033276751108759
5_19_2160648,0.957,0.23154089450734633,True,0.10047139478435452
5_19_2160699,0.167,0.4591446663462284,False,-0.053452366399855844
5_19_2160730,0.515,0.3360474248170092,True,0.0019394746538572427
5_19_2160736,0.18,0.27607550507540235,False,-0.05031768205710363
5_19_2160755,0.734,0.21941056051564772,True,0.03405689253142252
5_19_2160799,0.907,0.3348595701918395,True,0.0747753472537479
5_19_2160821,0.134,0.5974529515872967,False,-0.06094311740297642
5_19_2160965,0.693,0.3939006201399069,True,0.027664322889503268
5_19_2241126,0.07,0.18193148059520162,False,-0.08193548473769585
5_19_2270800,0.983,0.3108541757289328,True,0.12660329175186014
5_19_2270841,0.919,0.23298443191984194,True,0.07820307649249147
5_19_2271052,0.976,0.17155843875303195,True,0.11425029286756283
5_19_2271229,0.993,0.21040324164229993,True,0.14556443911119032
5_19_2350829,0.943,0.14372627086806664,True,0.08976709743592182
5_19_2350997,0.872,0.1999606901708416,True,0.06355453025935442
5_19_2351003,0.802,0.17878306216000844,True,0.04632773553341363
5_19_2351343,0.519,0.246980397429726,True,0.002408416959858717
5_19_2351451,0.873,0.2871363348723806,True,0.06421578966033914
5_19_2351472,0.92,0.2736940395593806,True,0.07867474805423824
5_19_2381438,0.527,0.3468655001649807,True,0.0032180321807427914
5_19_2381626,0.926,0.41043736278746107,True,0.07971272153198927
5_19_2391130,0.948,0.21698908456426783,True,0.09481099537654059
5_19_2460126,0.986,0.19485989161428732,True,0.127989832249934
5_20_2910440,0.677,0.40726114940985786,True,0.0249911901985721
5_20_2910460,0.848,0.46133081162775946,True,0.05897262806466663
5_20_2910466,0.379,0.3960462009851502,False,-0.016819132840631745
5_20_2910518,0.587,0.2969499391964269,True,0.011995752713096608
5_20_2910573,0.637,0.5099622255313285,True,0.018898905092334828
5_20_2910660,0.598,0.3870376918898515,True,0.01315913721116746
5_20_2910693,0.672,0.34759166063340075,True,0.024461920491450906
5_20_2910793,0.554,0.254448402402731,True,0.008091197392376182
5_20_2910826,0.91,0.21569882779051522,True,0.0754864490837458
5_20_2910839,0.754,0.2504463419886848,True,0.037352710926614296
5_20_2910857,0.545,0.6313009622074385,True,0.005771780405791849
5_20_2910863,0.861,0.41354197599881976,True,0.061145152712531514
5_20_2910888,0.682,0.21878595852803345,True,0.026195907286822195
5_20_2910895,0.491,0.41154105524981893,False,-0.0014606216142789563
5_20_2910896,0.644,0.34649203570046666,True,0.01974857724319734
5_20_2910913,0.684,0.32592566410696666,True,0.026307552326922057
5_20_2910929,0.579,0.41838342493895603,True,0.01101717015085224
5_20_2910930,0.401,0.42819416188511744,False,-0.014254555528176782
5_20_2910931,0.795,0.14145487629238596,True,0.04422387750189172
5_20_2910956,0.9,0.23749606445037902,True,0.0733784067704929
5_20_2910974,0.71,0.2928848915196013,True,0.03011527542750403
5_20_2910975,0.431,0.39765920555558126,False,-0.009844352743300755
5_20_2910996,0.9,0.45920316161926855,True,0.07333151183524389
5_20_2911014,0.045,0.6960799373436812,False,-0.10154309961670394
5_20_2911019,0.639,0.45755778802448077,True,0.019045789409605773
5_20_2911037,0.889,0.3547455315678217,True,0.0694128059209449
5_20_2911041,0.872,0.37080606139071265,True,0.06384647857333048
5_20_2911065,0.222,0.30849377305770515,False,-0.042689031420394485
5_20_2911073,0.553,0.3269571423236379,True,0.007666255213707229
5_20_2911081,0.624,0.23580569307021057,True,0.017505544410237328
5_20_2911083,0.903,0.27913732700292865,True,0.07357524245507308
5_20_2911086,0.741,0.4373259632317628,True,0.03521424461305267
5_20_2911095,0.443,0.23286004304852903,False,-0.008265686078629209
5_20_2911126,0.163,0.4924635903120548,False,-0.054973093874638446
5_20_2911127,0.462,0.36488009302453545,False,-0.004976554172448688
5_20_2911136,0.681,0.2496975202074582,True,0.026009808867007544
5_20_2911138,0.649,0.30717424500940305,True,0.020892413770036367
5_20_2911144,0.713,0.3434242204986088,True,0.030530316011918246
5_20_2911160,0.812,0.3618763332667369,True,0.05074868789221998
5_20_2911162,0.432,0.3734754881709639,False,-0.00962789851241519
5_20_2911180,0.939,0.2646473879724649,True,0.08626072426259701
5_20_2911192,0.649,0.33504888659150567,True,0.02138939480639901
5_20_2911212,0.686,0.2178297836514057,True,0.02683002784434907
5_20_2911213,0.762,0.40577559909150546,True,0.03831374418410394
5_20_2911227,0.614,0.3242728574419817,True,0.015869448613759718
5_20_2911241,0.737,0.3507178917496568,True,0.03452449358550791
5_20_2911260,0.979,0.2704583141917908,True,0.11873264660470373
5_20_2911278,0.979,0.20167384281524334,True,0.1194173070670067
5_20_2911305,0.617,0.48621938660770264,True,0.016441398858895617
5_20_2911337,0.473,0.29886162259544874,False,-0.00319585957209223
5_20_2911419,0.331,0.2902323355300664,False,-0.02567162239180054
5_20_2930879,0.78,0.3703099855648575,True,0.04115631161477662
5_20_2930891,0.696,0.5986041769798394,True,0.028200912310847426
5_20_2930892,0.76,0.33932829510656665,True,0.03798026763054785
5_20_2930893,0.839,0.3568238247660267,True,0.056491389606602715
5_20_2930911,0.598,0.48408665198039263,True,0.013205682099883709
5_20_3020218,0.611,0.2067314907967782,True,0.015300687747459407
5_20_3020332,0.497,0.3271176202896747,False,-0.00040165439741901565
5_20_3020368,0.73,0.4076227018103373,True,0.03280901096951039
5_20_3020399,0.588,0.15277372129844277,True,0.01204871827752807
5_20_3020464,0.478,0.37064409062444215,False,-0.002865318938281236
5_20_3020641,0.096,0.38477931282717265,False,-0.07223118422017438
5_20_3020655,0.674,0.3006900870552508,True,0.02464323394866952
5_20_3020671,0.898,0.18878636377875233,True,0.07253859847995237
5_20_3021371,0.811,0.4914607211259001,True,0.050070326558029676
5_20_3040999,0.402,0.6331235706351541,False,-0.014188952228843421
5_20_3041230,0.91,0.40136734819511455,True,0.07536386968890862
5_20_3041257,0.436,0.3925094125764971,False,-0.009289481810790035
5_20_3041287,0.952,0.3982696782984776,True,0.09686763736293247
5_20_3041349,0.719,0.31249862853994004,True,0.031239235616946526
5_20_3041377,0.904,0.4277360623644465,True,0.07455580687796493
5_20_3041385,0.281,0.20201384293422345,False,-0.03231556395663704
5_20_3041394,0.935,0.22912834121680586,True,0.08364852116154464
5_20_3041406,0.875,0.4422151316874295,True,0.06521879728336644
5_20_3041409,0.822,0.24649479641905778,True,0.05179192078841033
5_20_3041410,0.566,0.6286282202027175,True,0.009723626995755574
5_20_3041415,0.918,0.2752608759929194,True,0.07814669440036892
5_20_3041424,0.889,0.3494019575717498,True,0.06945894913033424
5_20_3041432,0.868,0.4671706916309527,True,0.0626391240376225
5_20_3041441,0.746,0.2936967987519147,True,0.03651963881274922
5_20_3041462,0.903,0.4323115496885805,True,0.07416847410754646
5_20_3041464,0.545,0.5366983866923902,True,0.005667821688283836
5_20_3041465,0.758,0.3115685129538189,True,0.0376910330726804
5_20_3041469,0.824,0.44053810174232144,True,0.05240171994396592
5_20_3041474,0.579,0.2763113622606602,True,0.010983660431647668
5_20_3041477,0.806,0.41029303725458705,True,0.0473328132199059
5_20_3041479,0.678,0.39053262837923847,True,0.02528315638431955
5_20_3041499,0.881,0.2929293209051215,True,0.06703873044169728
5_20_3041503,0.791,0.38443514990977656,True,0.04331415610347322
5_20_3041507,0.166,0.7987451791905531,False,-0.05384448189372337
5_20_3041512,0.823,0.41074325745624873,True,0.05229435735233423
5_20_3041516,0.689,0.2867550772337821,True,0.02727069859722364
5_20_3041519,0.887,0.43702874538614334,True,0.06824563053934307
5_20_3041526,0.49,0.3959309096416882,False,-0.0015943173192658477
5_20_3041529,0.826,0.26008216013347446,True,0.05301871958076154
5_20_3041532,0.503,0.38360094945029233,True,0.00035949087974507243
5_20_3041537,0.94,0.4108988237947704,True,0.08852124980459597
5_20_3041544,0.828,0.36505911861526336,True,0.053766353518001075
5_20_3041548,0.805,0.29623346857267757,True,0.04694563958419751
5_20_3041561,0.894,0.30761188037937426,True,0.07134454393985912
5_20_3041566,0.117,0.26816135170468214,False,-0.06502386354250222
5_20_3041576,0.067,0.2377127801529321,False,-0.08293808735089647
5_20_3041584,0.893,0.12851368030804702,True,0.07078275666378253
5_20_3041591,0.826,0.29055601784436136,True,0.052792407275333186
5_20_3041593,0.804,0.3789128972309871,True,0.046799497426853076
5_20_3041594,0.18,0.1535973099945605,False,-0.05039896528186638
5_20_3041604,0.745,0.33273837675969375,True,0.035741489623821066
5_20_3041606,0.833,0.3660886204373635,True,0.05446575159047129
5_20_3041610,0.94,0.2910803885989485,True,0.08634790826540384
5_20_3041619,0.934,0.37413082494841315,True,0.08268627235371773
5_20_3041629,0.782,0.3271646687864139,True,0.04180849543224974
5_20_3041631,0.645,0.2984040145309884,True,0.019881242943988187
5_20_3041638,0.515,0.42705794408147696,True,0.001994530414566653
5_20_3041656,0.763,0.19922642371046906,True,0.0386035830823267
5_20_3041719,0.047,0.7487990258733495,False,-0.09872439215082518
5_20_3041801,0.827,0.5340591428246677,True,0.05342336233058498
5_20_3042002,0.465,0.3848870150074666,False,-0.004328546115927923
5_20_3110986,0.889,0.18439297034009625,True,0.06936212050395896
5_20_3111238,0.956,0.2557224068561809,True,0.09859978078066711
5_20_3111347,0.369,0.23875145824166177,False,-0.019008914713253944
5_20_3111434,0.952,0.3012376273731996,True,0.0967654704909916
5_20_3120189,0.373,0.2513225511266547,False,-0.018606058637207656
5_20_3120274,0.838,0.3234781823188,True,0.056301665960824865
5_20_3120730,0.05,0.21157299654125009,False,-0.09517274502124984
5_20_3120802,0.948,0.39665776935262204,True,0.09402782329058212
5_20_3121020,0.875,0.2230716876435971,True,0.0651643201661184
5_20_3121026,0.379,0.26620394592603647,False,-0.016944647461523354
5_20_3121041,0.731,0.23515424408579566,True,0.03350583921105954
5_20_3121044,0.745,0.22060426007123293,True,0.03557599364917019
5_20_3121116,0.876,0.20904736019968792,True,0.06580163169610731
5_20_3121133,0.679,0.19756704653331247,True,0.025563311759759677
5_20_3121160,0.92,0.1483772536661692,True,0.07836674464031412
5_20_3121277,0.9,0.1464019349575595,True,0.07326373800077257
5_20_3121285,0.874,0.1683269759818842,True,0.06452497334663576
5_20_3121347,0.769,0.2009068685065961,True,0.039154852507683024
5_20_3121353,0.401,0.34799681789335263,False,-0.014243704825122272
5_20_3150439,0.089,0.35515392228087406,False,-0.0743023886002947
5_20_3150466,0.964,0.30897243413889425,True,0.1047168379285196
5_20_3220092,0.888,0.20306598979304466,True,0.06902326543936022
5_20_3261496,0.547,0.24686266616767716,True,0.00626650433828535
5_20_3261615,0.876,0.2823828146980782,True,0.0657712933130391
5_20_3270121,0.944,0.27310995479946576,True,0.09031460658056922
6_21_490428,0.49,0.27852750711368546,False,-0.0015730711360377736
6_21_490429,0.322,0.2517831851752699,False,-0.02705435308373838
6_21_490471,0.717,0.33869517001537763,True,0.030940261160594784
6_21_490509,0.531,0.435954794938167,True,0.003950108438095845
6_21_490531,0.964,0.23656232065630747,True,0.10426214304216941
6_21_490557,0.876,0.35235638843482503,True,0.06585986484862427
6_21_490588,0.881,0.7002947484075397,True,0.06753289209525193
6_21_490612,0.414,0.22335274643134626,False,-0.012239663453137872
6_21_490653,0.862,0.3904275459618204,True,0.06139868370035739
6_21_490656,0.796,0.3291262388595069,True,0.044676593105653084
6_21_490658,0.56,0.35856455895716943,True,0.009019803638146695
6_21_490681,0.623,0.15439098267375173,True,0.017490929460945548
6_21_490687,0.262,0.3511939323089095,False,-0.03608300185359581
6_21_490698,0.696,0.4150225614138795,True,0.028404310056480253
6_21_490706,0.761,0.24986273000617815,True,0.0380410271972933
6_21_490708,0.889,0.4531236037829627,True,0.06951399120708068
6_21_490715,0.945,0.35059292166465605,True,0.09150070892949358
6_21_490740,0.62,0.5584355233913515,True,0.017129032386401066
6_21_490742,0.792,0.26785079254690336,True,0.04361980882225136
6_21_490745,0.561,0.2346730117485584,True,0.00917523912240692
6_21_490748,0.497,0.4665026113743565,False,-0.00033980530263511
6_21_490755,0.968,0.3399202078411685,True,0.10793198385259306
6_21_490757,0.375,0.42105442136811494,False,-0.01715098880840804
6_21_490782,0.845,0.36544319635113287,True,0.05798635638035199
6_21_490787,0.968,0.41026424048722093,True,0.10959974227702207
6_21_490788,0.927,0.4008106501272039,True,0.08036072898482327
6_21_490795,0.725,0.3889345854948353,True,0.032035804624527264
6_21_490832,0.583,0.3785318514093174,True,0.011460718283969773
6_21_490854,0.961,0.26159128910222823,True,0.1030116806795407
6_21_490856,0.464,0.264655364458641,False,-0.004634276845757901
6_21_490864,0.848,0.3658391202305311,True,0.05889107881521449
6_21_490865,0.325,0.3884934900648896,False,-0.026600959445208128
6_21_490872,0.807,0.37779170510608434,True,0.04756937861319133
6_21_490875,0.605,0.24276576266603858,True,0.014322212364013875
6_21_490888,0.906,0.38722676491551816,True,0.07461789522054452
6_21_490892,0.641,0.17786147179961817,True,0.019382310508689216
6_21_490904,0.787,0.283940607325923,True,0.04219297316052284
6_21_490905,0.47,0.32975463741703387,False,-0.003730067946415616
6_21_490907,0.932,0.35632997582168774,True,0.08188631968681781
6_21_490911,0.348,0.7173442063436651,False,-0.02344849857829523
6_21_490933,0.531,0.4645904737413053,True,0.004194983093635418
6_21_490951,0.089,0.4984943931633685,False,-0.0748614211698766
6_21_490956,0.726,0.408633096589584,True,0.03228701828640235
6_21_490971,0.983,0.41903667590583416,True,0.12436936381525632
6_21_491024,0.331,0.376973784654853,False,-0.025587547546414013
6_21_491062,0.501,0.23224894341411073,True,0.00017455910738284341
6_21_491098,0.949,0.2617526068422707,True,0.09580882888043918
6_21_491130,0.366,0.33934545394731275,False,-0.019392621052024994
6_21_491131,0.539,0.23378972229332928,True,0.005050714192741723
6_21_511285,0.225,0.380438455211149,False,-0.04169987261567565
6_21_511332,0.677,0.33679315910565955,True,0.025114456967994414
6_21_511418,0.937,0.29015464028470056,True,0.08529771932557362
6_21_511419,0.369,0.547198226825172,False,-0.019176878312866075
6_21_511421,0.117,0.39642489252511465,False,-0.06488934787614276
6_21_511433,0.848,0.3843104528967384,True,0.058968336859114734
6_21_511442,0.446,0.4422406736584223,False,-0.007239494443713523
6_21_511451,0.838,0.42064369431683263,True,0.05614566135444499
6_21_511452,0.63,0.34689917913433305,True,0.0181532548376504
6_21_511463,0.212,0.19590168084824622,False,-0.04534113974587983
6_21_511465,0.056,0.4776552968808024,False,-0.09125479130947856
6_21_511490,0.737,0.3737184143686607,True,0.03455336757051819
6_21_511495,0.611,0.33094029449925394,True,0.015105183392607802
6_21_511512,0.667,0.6479455396256735,True,0.023620030812060433
6_21_511513,0.725,0.21763282410240595,True,0.032176253414867184
6_21_511515,0.96,0.40493823905392634,True,0.10243333106018715
6_21_511536,0.91,0.242165334890056,True,0.07577192039937652
6_21_511551,0.456,0.5888042742192441,False,-0.005876987610711204
6_21_511558,0.793,0.3966363956197407,True,0.043694355743576274
6_21_511560,0.968,0.41310418337660026,True,0.10942290288188927
6_21_511579,0.929,0.4116268013416366,True,0.08096973123092943
6_21_511582,0.278,0.17220948021271223,False,-0.03300976189999716
6_21_511591,0.672,0.2724394658430252,True,0.02443271567050509
6_21_511607,0.807,0.4178118020704394,True,0.047553174711216895
6_21_511609,0.411,0.39155691397606307,False,-0.013251770151698983
6_21_511610,0.492,0.41893174370152675,False,-0.0010953799775772488
6_21_511613,0.872,0.37839031089434005,True,0.06408011264177205
6_21_511618,0.585,0.38990019214238153,True,0.011549202788928126
6_21_511629,0.827,0.25750672573656763,True,0.053263881413258996
6_21_511635,0.703,0.4880011694030836,True,0.029356505635321994
6_21_511640,0.432,0.4164849533585237,False,-0.009578814723558038
6_21_511647,0.986,0.4287080579686253,True,0.12743504220041946
6_21_511651,0.77,0.4794391419150443,True,0.03970473529227436
6_21_511662,0.957,0.43899826115227214,True,0.10024404815076982
6_21_511669,0.452,0.42869579225318016,False,-0.006572005664812863
6_21_511671,0.733,0.316614660939122,True,0.033777900096169544
6_21_511674,0.941,0.3368496960379433,True,0.08896614574544781
6_21_511676,0.963,0.2602900331354263,True,0.10412284155694251
6_21_511677,0.382,0.3638628702094712,False,-0.016376873718308538
6_21_511681,0.786,0.3725094562317476,True,0.04209767627982053
6_21_511689,0.638,0.3628999432312209,True,0.018972403249399528
6_21_511691,0.373,0.21731255230653154,False,-0.01815082612108787
6_21_511693,0.224,0.48120624082086955,False,-0.042421371421652365
6_21_511696,0.359,0.46404603812797607,False,-0.020740559789317548
6_21_511703,0.286,0.26509166791866756,False,-0.031692568681655375
6_21_511720,0.731,0.415832004240249,True,0.03351344171149173
6_21_511727,0.893,0.4004498224942612,True,0.07053817757819436
6_21_511729,0.688,0.3514745061435521,True,0.0271208747947711
6_21_511738,0.094,0.4068566085669624,False,-0.072668753343897
6_21_511740,0.869,0.3612743508899136,True,0.06306336377154831
6_21_511748,0.6,0.40938626961623836,True,0.013468004384029508
6_21_511749,0.833,0.28986940724387117,True,0.05439964584254242
6_21_511754,0.563,0.6535242972983712,True,0.009525953061590098
6_21_511757,0.584,0.6024253428366063,True,0.011533666163992873
6_21_511761,0.388,0.37929145675457004,False,-0.015557137316648983
6_21_511763,0.759,0.23979171706849173,True,0.03783510415110991
6_21_511766,0.782,0.22863249778605962,True,0.04178878765608751
6_21_511769,0.517,0.3947789827184136,True,0.0022838937622519095
6_21_511795,0.839,0.38223674566784144,True,0.056506970443224835
6_21_511806,0.667,0.20106033825933717,True,0.02377846987122534
6_21_511813,0.375,0.5107974336095357,False,-0.017247288320592746
6_21_511817,0.795,0.35621196546812506,True,0.04406718531674925
6_21_511833,0.838,0.35698109642948955,True,0.056272498027014395
6_21_511838,0.286,0.38548603984908636,False,-0.03168467681316778
6_21_511840,0.769,0.6211420027120618,True,0.039208908533933884
6_21_511845,0.343,0.5040477489805257,False,-0.02383460700507345
6_21_511864,0.617,0.5218433107566423,True,0.016462444189269232
6_21_511867,0.649,0.2211642804697505,True,0.02128257807748557
6_21_511894,0.806,0.5743997098066499,True,0.04705962765499494
6_21_511896,0.729,0.2573991047294582,True,0.03239872697327428
6_21_511897,0.387,0.563217861597505,False,-0.01595754525932147
6_21_511907,0.881,0.41303384624059203,True,0.06710486176945896
6_21_511908,0.49,0.27967481733373867,False,-0.0015758555163258858
6_21_511963,0.53,0.42902876904313,True,0.0038607644525868734
6_21_512006,0.645,0.28322440428722406,True,0.019884456446376708
6_21_600238,0.275,0.3721022450289812,False,-0.03335196787554162
6_21_600241,0.731,0.3707201763668066,True,0.03368263777018954
6_21_600324,0.812,0.1872855707129044,True,0.05086815722487492
6_21_600325,0.872,0.21468563425325948,True,0.06375846919994588
6_21_600407,0.913,0.3590316471151689,True,0.07673262819491666
6_21_600557,0.492,0.27588010675541125,False,-0.0011706858790276886
6_21_600674,0.234,0.23914085140663166,False,-0.04080495079538293
6_21_620997,0.018,0.9673293728465389,False,-0.12813806672723338
6_21_621099,0.946,0.4064969680921485,True,0.09215248699493672
6_21_700554,0.725,0.2361939897447906,True,0.031775312518276144
6_21_700565,0.941,0.22671338443202002,True,0.08910419079647203
6_21_700588,0.723,0.35751709295387574,True,0.03144173623448632
6_21_700824,0.929,0.32014593024965743,True,0.08068369743865167
6_21_700933,0.818,0.27926540174142234,True,0.05137808143670719
6_21_700967,0.943,0.2718418163617491,True,0.08992016395538027
6_21_701301,0.987,0.1751906990711112,True,0.13358296562818261
6_21_701588,0.117,0.17838512421314,False,-0.06506739299904907
6_21_701748,0.649,0.2648132086514943,True,0.021047433241416336
6_21_701943,0.945,0.3135807338782816,True,0.09107187129880157
6_21_710276,0.908,0.24557784990294543,True,0.07522892870744391
6_21_710335,0.943,0.19731821513036876,True,0.08979808825160596
6_21_710340,0.336,0.2651860726883621,False,-0.02481353916338014
6_21_710344,0.305,0.4154019770522572,False,-0.029892247112089265
6_21_731170,0.818,0.21064165103861351,True,0.051561434348024626
6_21_731390,1.0,0.24525347235614664,True,0.18922793290049522
6_21_731446,0.79,0.19345278102097327,True,0.04267622968269824
6_21_731484,1.0,0.19563900712235094,True,0.19763028657740722
6_21_731664,0.714,0.2383428905448226,True,0.030538165625922153
6_21_740826,0.867,0.44398480642406685,True,0.06229648972756918
6_21_740948,0.996,0.314091538410809,True,0.1646777903808383
6_21_740974,0.822,0.23167516033508945,True,0.05168009207807689
6_21_850537,0.987,0.19249221812175163,True,0.13340941997876954
6_22_1260841,0.971,0.47879410555776875,True,0.11229887803516381
6_22_1280812,0.357,0.3107110535537616,False,-0.02150507359017495
6_22_1362408,0.067,0.3363882117844732,False,-0.08339477457445277
6_22_1370359,0.864,0.28000314948692867,True,0.0619697935768353
6_22_1370364,0.681,0.19549815023242326,True,0.026007903272213806
6_22_1370446,0.373,0.2674608062014362,False,-0.018201481907053507
6_22_1370613,0.726,0.21803293540144972,True,0.03227810385571106
6_22_1370626,0.634,0.39645642857014246,True,0.018515387083437918
6_22_1370630,0.23,0.2166501816426638,False,-0.04144012149381693
6_22_1370652,0.847,0.4130446838326847,True,0.058588341845623115
6_22_1370680,0.875,0.33144771024041547,True,0.06484661468584263
6_22_1370695,0.467,0.35146969241823145,False,-0.0038831797066261053
6_22_1370745,0.734,0.392100473754096,True,0.03405901114098875
6_22_1370750,0.919,0.22469517152710805,True,0.07828728425323606
6_22_1370753,0.881,0.3834454265199168,True,0.06747884205218413
6_22_1370759,0.97,0.3629408046113946,True,0.11054568635259676
6_22_1370762,0.881,0.42038852461946896,True,0.06704265851479907
6_22_1370777,0.931,0.27087299103245055,True,0.08130490563019022
6_22_1370783,0.334,0.23747148486965938,False,-0.025113442617081372
6_22_1370792,0.421,0.34663501658011575,False,-0.01095038094210743
6_22_1370793,0.79,0.30775336770025885,True,0.042524934907198
6_22_1370810,0.547,0.2733271464166747,True,0.005919324116735236
6_22_1370857,0.679,0.43658858800403716,True,0.02546154025250502
6_22_1370858,0.641,0.4165734359586706,True,0.019302251206750443
6_22_1370885,0.827,0.42873414250617825,True,0.05310157114905767
6_22_1370902,0.957,0.37307458302548585,True,0.09888144803476318
6_22_1370903,0.907,0.257044207980621,True,0.07476562251788155
6_22_1370909,0.913,0.42766134788836085,True,0.0766891066541685
6_22_1370939,0.595,0.4325034854137405,True,0.01287599686791241
6_22_1370943,0.647,0.4648133385405741,True,0.020310770153450175
6_22_1370956,0.9,0.33023937936897374,True,0.07323877378001453
6_22_1370997,0.941,0.4619041437377644,True,0.08913274454240117
6_22_1371030,0.738,0.29953665166673865,True,0.034759460620408134
6_22_1371034,0.799,0.9154647019752389,True,0.04548450287989436
6_22_1371041,0.649,0.2949321554838365,True,0.020960179411289803
6_22_1371075,0.437,0.40853051449115807,False,-0.009218377709654835
6_22_1371082,0.808,0.2360295351651117,True,0.047946758478243034
6_22_1371084,0.685,0.30608096033735704,True,0.026418695808556714
6_22_1371102,0.546,0.23202573526598544,True,0.005888011357989997
6_22_1371192,0.514,0.30790139750726636,True,0.0018131832754999522
6_22_1371601,0.454,0.23012007838697893,False,-0.006152971996622014
6_22_1391455,0.211,0.25900307967477787,False,-0.04558450722294749
6_22_1391498,0.066,0.30781456965180576,False,-0.08370112207875247
6_22_1391501,0.822,0.4118722278572947,True,0.05178849305835298
6_22_1391503,0.437,0.30214716901163846,False,-0.009271584479237482
6_22_1391505,0.672,0.41984948881145345,True,0.024380395328878146
6_22_1391511,0.396,0.38272875624478675,False,-0.01470699689497934
6_22_1391523,0.594,0.31605861961229564,True,0.012774680189944987
6_22_1391529,0.933,0.3870622772928578,True,0.08246347804751764
6_22_1391546,0.657,0.2532874549059792,True,0.022898541038349762
6_22_1391555,0.695,0.3893888820728325,True,0.028120308132951632
6_22_1391584,0.677,0.2712891705535745,True,0.025066700129427577
6_22_1391603,0.833,0.28042136534024553,True,0.05439908947483085
6_22_1391609,0.282,0.4836713144649848,False,-0.03188797178223468
6_22_1391626,0.188,0.28649958362503214,False,-0.04927046246643396
6_22_1391631,0.8,0.5002845311572743,True,0.04566904148601747
6_22_1391633,0.848,0.43519833222032084,True,0.059060933992160725
6_22_1391642,0.679,0.4443697438995881,True,0.025657053583896694
6_22_1391645,0.964,0.4109944161015583,True,0.1043132872155681
6_22_1391669,0.387,0.36851308092682106,False,-0.015613761668989534
6_22_1391701,0.389,0.2560829087715598,False,-0.015365309708664565
6_22_1391738,0.801,0.2742710301365802,True,0.045835457544457614
6_22_1391739,0.825,0.4243275633037296,True,0.05264172829985425
6_22_1391742,0.746,0.3105555679074027,True,0.03615973881591239
6_22_1391745,0.449,0.3592751715845002,False,-0.006833785775803181
6_22_1391748,0.636,0.3785587767936232,True,0.018659263926260605
6_22_1391764,0.888,0.41147796787233304,True,0.06851978954394222
6_22_1391775,0.807,0.3817410008032872,True,0.04767099916187434
6_22_1391776,0.818,0.5896747966123455,True,0.05153286800640222
6_22_1391784,0.529,0.43011394385429186,True,0.003611878072592778
6_22_1391794,0.63,0.4098099224997154,True,0.018223981375593112
6_22_1391805,0.79,0.3183674498903092,True,0.042838435862297075
6_22_1391827,0.893,0.25606295314100785,True,0.07062794840634468
6_22_1391834,0.772,0.4230857016425862,True,0.040014101079234754
6_22_1391852,0.588,0.4600361121391964,True,0.012252496206279662
6_22_1391870,0.685,0.3762245814440725,True,0.026449417699361488
6_22_1391874,0.995,0.3944191195257021,True,0.15535086054252023
6_22_1391888,0.702,0.28713168416954193,True,0.029081507785050142
6_22_1391894,0.775,0.4565355424913092,True,0.04052680535044706
6_22_1391902,0.636,0.4190053865419737,True,0.018773578065782726
6_22_1391913,0.77,0.35934873253669314,True,0.03954848265551614
6_22_1391939,0.719,0.543257006987243,True,0.03110676060272155
6_22_1391973,0.89,0.19202238428725396,True,0.06987686324017706
6_22_1391981,0.862,0.4070789982993395,True,0.061538734425824804
6_22_1391996,0.241,0.5039584749219668,False,-0.039189168181468004
6_22_1391997,0.772,0.21036207276159388,True,0.03995850582007576
6_22_1392000,0.667,0.4814723972611959,True,0.023725708553354652
6_22_1392005,0.812,0.4358635935428336,True,0.05088346220640172
6_22_1392025,0.8,0.17590424435011562,True,0.04571378543406612
6_22_1392042,0.913,0.4125311385320905,True,0.07675178795346482
6_22_1392073,0.851,0.4758337293172031,True,0.05959565396993671
6_22_1471648,0.734,0.17675628231995877,True,0.03405645566581472
6_22_1471747,0.225,0.47349698832618,False,-0.04177576118323567
6_22_1471905,0.875,0.31210806494949733,True,0.06503508739000086
6_22_1471942,0.898,0.19811314274136055,True,0.07255960593955457
6_22_1472004,0.993,0.26305776622785615,True,0.14767416626803265
6_22_1472026,0.545,0.20109772366451123,True,0.005767522266861058
6_22_1480126,0.961,0.36173454412237915,True,0.10334936206807743
6_22_1480162,0.623,0.1812020908397906,True,0.017374848732411685
6_22_1480225,0.973,0.24413853947402628,True,0.11346087087498591
6_22_1480247,0.457,0.24104910993489279,False,-0.005276567075649163
6_22_1480449,0.199,0.246114008565213,False,-0.04757222978488085
6_22_1480453,0.319,0.6731835629097495,False,-0.027262659199505324
6_22_1580255,0.647,0.3344867955299313,True,0.020243480813853076
6_22_1580276,0.529,0.4182572735916721,True,0.0036566427432405124
6_22_1581344,0.985,0.2840352056054262,True,0.1270475563004918
6_22_1581356,0.91,0.40408896657617543,True,0.0756861213653921
6_22_1581369,0.981,0.28339299400806556,True,0.12222804733530679
6_22_1581566,0.794,0.1748689142039007,True,0.04388372318292466
6_22_1581704,0.116,0.20484783301687717,False,-0.06597298468313695
6_22_1581717,0.067,0.3698302648844129,False,-0.08328350226478998
6_22_1581737,0.167,0.17186874605558433,False,-0.05317688760454731
6_22_1611191,0.374,0.13082742864928695,False,-0.017612194807356207
6_22_1611379,0.993,0.2116395385761819,True,0.1433944136937979
6_22_1611451,0.977,0.31996805271298195,True,0.11723673592955497
6_22_1611465,0.373,0.3895486267371464,False,-0.018499181910535345
6_22_1611632,0.878,0.2912724553603929,True,0.06632686418042288
6_22_1620640,0.741,0.4064839275092719,True,0.03522112985258807
6_22_1620689,0.913,0.28755099855835903,True,0.07642122592972611
6_22_1620856,0.996,0.23987201667983574,True,0.16523895370994068
6_22_1620894,0.796,0.23654614424090675,True,0.0445327132327481
6_23_2140366,0.644,0.1442565022381837,True,0.019767697954575003
6_23_2140424,0.35,0.7434889296101982,False,-0.022780034626309842
6_23_2140500,0.638,0.2768560022382184,True,0.018939167785735345
6_23_2140511,0.47,0.21062898010698025,False,-0.0037493934420831376
6_23_2140585,0.688,0.2532373550028272,True,0.027084723284275913
6_23_2140586,0.574,0.18976002575734632,True,0.010349051246281049
6_23_2140591,0.296,0.32433726348152775,False,-0.03068152669867774
6_23_2140638,0.88,0.4849228157628135,True,0.06684613575811316
6_23_2140645,0.94,0.40057355319757315,True,0.08647888597850095
6_23_2140650,0.94,0.3271343192275705,True,0.08641142185779549
6_23_2140664,0.869,0.3352939385508675,True,0.06272653910948334
6_23_2140683,0.807,0.5753857902473886,True,0.04755888675849851
6_23_2140720,0.872,0.38193400816084216,True,0.06356362024007522
6_23_2140766,0.501,0.44526562151804877,True,7.996181167813088e-05
6_23_2140807,0.525,0.4096937337574469,True,0.0029043690382289933
6_23_2140820,0.935,0.23410329770521301,True,0.08355063353224101
6_23_2140829,0.547,0.47291850614768594,True,0.006133702055419077
6_23_2140835,0.191,0.5808438247246477,False,-0.04876338416118631
6_23_2140850,0.667,0.3707737787832033,True,0.023727329546263443
6_23_2140856,0.99,0.47648624427851227,True,0.1352526112681638
6_23_2140869,0.861,0.3825293821722391,True,0.06104288700545368
6_23_2140870,0.756,0.3908786181438902,True,0.03744228574189945
6_23_2140885,0.946,0.40087519192624554,True,0.09283610635535433
6_23_2140900,0.89,0.43507946841586526,True,0.06987453381106024
6_23_2140901,0.595,0.3467704031149542,True,0.012883774521665448
6_23_2140906,0.63,0.7751378577099761,True,0.018057985007872812
6_23_2140934,0.234,0.4354545767251841,False,-0.04060666377914912
6_23_2140946,0.782,0.34327712438416413,True,0.04172617636449072
6_23_2140961,0.799,0.3909853259688194,True,0.04544695785477182
6_23_2140968,0.9,0.25508084804383174,True,0.07337640470007689
6_23_2140972,0.526,0.36904413568097844,True,0.0031863026268175165
6_23_2140973,0.473,0.1583515701641813,False,-0.0032636697628147804
6_23_2140988,0.541,0.38668060961669526,True,0.005388605337566799
6_23_2141001,0.907,0.2810703693049413,True,0.07490208970206524
6_23_2141014,0.885,0.2886271799165819,True,0.06793155617859403
6_23_2141023,0.623,0.2822619703191528,True,0.01743049609334968
6_23_2141025,0.893,0.3740012939229827,True,0.07072439630968885
6_23_2141028,0.765,0.2486012630778184,True,0.038756342067733596
6_23_2141058,0.45,0.2824695983744187,False,-0.006772320802379328
6_23_2141079,0.926,0.43017092662171647,True,0.07991647471047936
6_23_2141100,0.977,0.21040173659874456,True,0.1169921995228046
6_23_2141130,0.799,0.23107127741887706,True,0.045302725048640524
6_23_2141224,0.94,0.360139114883819,True,0.08678204518260069
6_23_2141343,0.488,0.49399774094092225,False,-0.002105040465199215
6_23_2160888,0.117,0.3809899862641955,False,-0.06560126289240475
6_23_2160915,0.907,0.4051179674972418,True,0.07484498577903897
6_23_2160940,0.414,0.23173451140930396,False,-0.012166116580633046
6_23_2160942,0.733,0.4441192934817274,True,0.033854155664748475
6_23_2160944,0.42,0.40891023543697014,False,-0.011267595566742283
6_23_2160972,0.733,0.4108030551948412,True,0.03376723704975371
6_23_2160997,0.929,0.35402314441002014,True,0.08069188658227966
6_23_2161014,0.414,0.3775977966567124,False,-0.012319818359690426
6_23_2161015,0.851,0.3149208188049286,True,0.059480746820520625
6_23_2161024,0.115,0.7438620330763352,False,-0.0665437495519503
6_23_2161042,0.503,0.3487528793030544,True,0.0005426161990020884
6_23_2161051,0.501,0.5039557784103084,True,6.942789784614156e-05
6_23_2161056,0.766,0.38382612800374544,True,0.03878171940623687
6_23_2161069,0.935,0.4104893155310025,True,0.08332996682381044
6_23_2161077,0.56,0.3213159030865659,True,0.009013163613703523
6_23_2161079,0.804,0.6532090154173508,True,0.0468046363023108
6_23_2161084,0.405,0.40236402038372965,False,-0.013853866169183604
6_23_2161087,0.663,0.2679430357756965,True,0.02338223050742272
6_23_2161100,0.878,0.34579691903914217,True,0.06615338252648706
6_23_2161102,0.137,0.5094755393942937,False,-0.059514229897324356
6_23_2161114,0.585,0.39799133077573895,True,0.011563739034449405
6_23_2161120,0.516,0.29817508715568886,True,0.0022521092493925643
6_23_2161139,0.899,0.24702390244458564,True,0.0730814490757179
6_23_2161140,0.861,0.5588103889951491,True,0.0612310414318924
6_23_2161150,0.811,0.3630687883890914,True,0.050150147421167524
6_23_2161156,0.469,0.8953031658454847,False,-0.003838877290363918
6_23_2161159,0.819,0.41935215171658174,True,0.051580440096235525
6_23_2161160,0.398,0.46879314697191105,False,-0.014535355582511844
6_23_2161174,0.834,0.2969840064484394,True,0.055087883324740794
6_23_2161183,0.617,0.3750674175645661,True,0.01644119293191082
6_23_2161185,0.872,0.3820078041897436,True,0.06350958297722142
6_23_2161191,0.473,0.33135811033539686,False,-0.003153755073735942
6_23_2161195,0.777,0.318862207524585,True,0.04076046526565347
6_23_2161206,0.531,0.3556676725075557,True,0.003970029974542655
6_23_2161208,0.78,0.2750288717930688,True,0.04153244836439873
6_23_2161213,0.541,0.21883067560510597,True,0.005447903954985622
6_23_2161224,0.603,0.4453565195394008,True,0.014031066750742394
6_23_2161229,0.875,0.43665665961470923,True,0.06554267250893175
6_23_2161232,0.744,0.26931219434066345,True,0.03541608695667775
6_23_2161235,0.244,0.209971800914566,False,-0.03831454986198124
6_23_2161238,0.461,0.36311549272647947,False,-0.005045622391429694
6_23_2161240,0.628,0.4268021078228283,True,0.01764768364824898
6_23_2161253,0.971,0.4652481432592836,True,0.11209202599256074
6_23_2161255,0.81,0.3789625926698993,True,0.04880602891088759
6_23_2161256,0.844,0.23290208358604114,True,0.057700737302732064
6_23_2161258,0.826,0.28689299683268715,True,0.05278084770124436
6_23_2161270,0.731,0.490518155292578,True,0.033503263181154486
6_23_2161272,0.683,0.37772130019184635,True,0.026251723900746038
6_23_2161284,0.56,0.4442009335866723,True,0.008854397118864044
6_23_2161305,0.654,0.2719533870794731,True,0.02249568453550177
6_23_2161315,0.539,0.35570204939698014,True,0.005065288022578995
6_23_2161333,0.875,0.26726094115379145,True,0.06491504377207258
6_23_2161338,0.731,0.2897534405828703,True,0.033272267752645024
6_23_2161355,0.968,0.39926486978784353,True,0.10748433360488951
6_23_2161390,0.848,0.33887551682196143,True,0.0589199219318256
6_23_2161447,0.619,0.25796336225367306,True,0.016783405758832526
6_23_2161467,0.689,0.2909436214337662,True,0.027210049302287764
6_23_2161623,0.42,0.6545648733064388,False,-0.011325429183400626
6_23_2240435,0.15,0.29442698874428763,False,-0.05678808783239564
6_23_2241924,0.883,0.4117187399932031,True,0.06767719617387691
6_23_2250311,0.588,0.6630595320418038,True,0.012137338702903011
6_23_2250326,0.267,0.4804478920102682,False,-0.035007435653135355
6_23_2250331,0.278,0.2654724601077154,False,-0.03311826199396162
6_23_2250343,0.35,0.20511022532249723,False,-0.02297663182733367
6_23_2250369,0.665,0.40748083686141195,True,0.02346533599375733
6_23_2250382,0.449,0.3980917939222822,False,-0.00692319379838735
6_23_2250391,0.457,0.33098955577541245,False,-0.005436209505140344
6_23_2250432,0.945,0.5062606939140535,True,0.09196980997905857
6_23_2250437,0.957,0.38861001280242446,True,0.09888584989895999
6_23_2250475,0.907,0.4713705912454833,True,0.07516323485965748
6_23_2250521,0.705,0.1712505211427461,True,0.02954315108101435
6_23_2250532,0.491,0.1668911674391441,False,-0.0015319049343534008
6_23_2250561,0.619,0.42592578715358853,True,0.016645366732286004
6_23_2250577,0.823,0.18844629149067907,True,0.05197777807107418
6_23_2250605,0.457,0.29239607459635325,False,-0.005190956303775751
6_23_2250607,0.796,0.28153005081351523,True,0.04467594084204263
6_23_2270998,0.932,0.38069375312931547,True,0.08181090836526972
6_23_2271008,0.877,0.3147654435394756,True,0.06595785845898738
6_23_2271020,0.898,0.37541429362621814,True,0.07179658054644289
6_23_2271034,0.939,0.24108957082719515,True,0.08611479311127401
6_23_2271074,0.759,0.34652497724499687,True,0.037860072057653404
6_23_2271086,0.681,0.23297227734262488,True,0.02581118900555346
6_23_2271097,0.878,0.24297890945089826,True,0.06637170735111397
6_23_2271146,0.651,0.24366130785060647,True,0.021894787591769993
6_23_2271148,0.967,0.2711584223420214,True,0.10598325007571874
6_23_2271155,0.47,0.3272621353168179,False,-0.0036211603624611843
6_23_2271167,0.617,0.37956612184531163,True,0.016142971767290293
6_23_2271198,0.872,0.2428145108036828,True,0.06416033590605719
6_23_2271206,0.699,0.3533698058544181,True,0.028814877800510175
6_23_2271225,0.872,0.2590779153198123,True,0.06414365363695185
6_23_2271231,0.875,0.23169419080842282,True,0.06511481587226564
6_23_2271238,0.665,0.2552622551963088,True,0.023451225903692863
6_23_2271256,0.628,0.2784269004827256,True,0.017744477413353943
6_23_2271266,0.482,0.3781531848365675,False,-0.002571977044847795
6_23_2271275,0.276,0.43233185018725373,False,-0.033263447494272125
6_23_2271290,0.823,0.332117151872986,True,0.05230441448962975
6_23_2271333,0.952,0.29439769616460554,True,0.09685054475604893
6_23_2271348,0.632,0.31580305224106886,True,0.018275108332706735
6_23_2271355,0.805,0.39952572823762617,True,0.046998354458401725
6_23_2271429,0.521,0.23308490416769598,True,0.002716047635387797
6_23_2350837,0.686,0.24079889839833526,True,0.026896211051561147
6_23_2351207,0.995,0.2329320669952297,True,0.15441833239063774
6_23_2351592,0.202,0.1711799043297225,False,-0.04714476939349166
6_23_2351616,0.048,0.4913666189932069,False,-0.09695385719063809
6_23_2351619,0.983,0.26309237750246234,True,0.12425096869139363
6_23_2351630,0.979,0.21348200023059022,True,0.11916027515513716
6_23_2351745,0.825,0.20532305522785588,True,0.052608533703445204
6_23_2351773,0.994,0.1550097239971626,True,0.14992307205080257
6_23_2351834,0.948,0.18043997823621064,True,0.09475227144693898
6_23_2351950,0.923,0.2694885756815695,True,0.0792482595289149
6_23_2351966,0.563,0.1800175253970847,True,0.00959216799649032
6_23_2352015,0.995,0.2573528185825441,True,0.15921418264118892
6_23_2360128,0.826,0.2688656562250867,True,0.052817908790551926
6_23_2380770,0.147,0.40497359689714546,False,-0.05788799519251753
6_23_2380983,0.579,0.2638881075214735,True,0.010989569886938
6_23_2381005,0.993,0.27927983504103826,True,0.14750027498443818
6_23_2381022,0.844,0.2596920291866183,True,0.057726383766370515
6_23_2381048,0.944,0.16179034888226126,True,0.090206695152523
6_23_2381078,0.411,0.17966909348591253,False,-0.01304981467713806
6_23_2381095,0.389,0.28895855434993534,False,-0.015314272250572136
6_23_2381109,0.147,0.20600748768493532,False,-0.057719936756206236
6_23_2381120,0.96,0.21875235280542582,True,0.1028212078947971
6_23_2381132,0.995,0.19761880399835216,True,0.15443423368402465
6_23_2381139,0.769,0.31619668804612555,True,0.03913009003900714
6_23_2381249,0.526,0.4182404802508429,True,0.0031260188466100125
6_23_2491299,0.433,0.41747255568283664,False,-0.009502528423454226
6_23_2491483,0.982,0.21794368552680327,True,0.12316052232180441
6_23_2491525,0.891,0.24462509170550265,True,0.07006604350280188
6_23_2500399,0.992,0.27010645337545097,True,0.13975651712152726
6_23_2500462,0.992,0.31294936379927657,True,0.14043438441953104
6_23_2500482,0.547,0.2360630121619111,True,0.005968811630082449
6_24_2930226,0.05,0.5902546306936733,False,-0.09545304364259843
6_24_2930246,0.763,0.3489586455306452,True,0.03858011741015832
6_24_2930294,0.797,0.37209484776687346,True,0.0450938233136573
6_24_2930309,0.799,0.26228944411658695,True,0.0453034180196169
6_24_2930319,0.328,0.5785619280474089,False,-0.02615606284823313
6_24_2930333,0.968,0.367884711717371,True,0.10767029467377609
6_24_2930345,0.837,0.5271278646793062,True,0.05569193913951631
6_24_2930348,0.91,0.3904114137948396,True,0.07624309013158015
6_24_2930370,0.305,0.5629484121712329,False,-0.029788079813493074
6_24_2930375,0.602,0.5621272460725708,True,0.013882841853113503
6_24_2930376,0.506,0.40652508405244453,True,0.001013680788013338
6_24_2930389,0.948,0.32603625891714527,True,0.09413005687615872
6_24_2930390,0.237,0.5730030842529863,False,-0.040295938180497926
6_24_2930396,0.853,0.4780047863634733,True,0.060291345723219925
6_24_2930406,0.948,0.4181325670251697,True,0.09519961771687813
6_24_2930458,0.641,0.24255279285806028,True,0.019219644350222276
6_24_2930468,0.946,0.4107039467385588,True,0.09201636831338855
6_24_2930473,0.893,0.3890493623791413,True,0.07084762464647931
6_24_2930474,0.478,0.3172948654568191,False,-0.002842565575305045
6_24_2930483,0.61,0.37161016544046527,True,0.014819796799136586
6_24_2930485,0.745,0.23111782172291775,True,0.03575226431080514
6_24_2930494,0.633,0.41324153046379164,True,0.018377126864193682
6_24_2930503,0.833,0.42990236891603717,True,0.054595319063630354
6_24_2930511,0.851,0.32857523166962493,True,0.059601176196462324
6_24_2930519,0.738,0.4029519215163257,True,0.03480376225991344
6_24_2930537,0.359,0.41735676295068463,False,-0.021075765209248143
6_24_2930540,0.641,0.27942963694147177,True,0.01952005063701001
6_24_2930554,0.696,0.5158274445836434,True,0.028228458925623978
6_24_2930558,0.907,0.3859887306117344,True,0.07507158719950402
6_24_2930579,0.42,0.40728434648898704,False,-0.011342154809232508
6_24_2930587,0.059,0.18800963469908513,False,-0.08791428835238602
6_24_2930603,0.754,0.40781541328804316,True,0.037289653426180736
6_24_2930608,0.731,0.2240736149251381,True,0.03342564672312487
6_24_2930613,0.425,0.35693935522164305,False,-0.010361493599162719
6_24_2930616,0.39,0.2552911727381611,False,-0.015227534262882259
6_24_2930618,0.746,0.36436167282745985,True,0.03641131309316059
6_24_2930627,0.365,0.407963294716808,False,-0.01990365067004074
6_24_2930639,0.359,0.27309856697339285,False,-0.020713891531733752
6_24_2930646,0.986,0.38707041600718933,True,0.12740040246695805
6_24_2930649,0.56,0.46475044931603654,True,0.008985103297321606
6_24_2930651,0.811,0.4637631516169348,True,0.04964103463984437
6_24_2930661,0.423,0.6298264567293432,False,-0.010708931128890153
6_24_2930663,0.117,0.5191529837328992,False,-0.06555490025337884
6_24_2930665,0.708,0.7404585302259612,True,0.029797601595015655
6_24_2930690,0.52,0.4151057581627671,True,0.0025476250548741586
6_24_2930728,0.746,0.30201942731343817,True,0.03654148499831933
6_24_2930744,0.588,0.2355221857131992,True,0.012260255377730567
6_24_2930747,0.659,0.2494274343631993,True,0.023147084166934784
6_24_2930782,0.936,0.3785755979483832,True,0.0841920098364608
6_24_2930792,0.957,0.4061104689952692,True,0.10088585196896904
6_24_3010516,0.076,0.21346883982796305,False,-0.07920600891174545
6_24_3011035,0.79,0.1892305873957006,True,0.04257522546574932
6_24_3011853,0.839,0.3840899438468502,True,0.056660332333555385
6_24_3011858,0.876,0.43907067411032674,True,0.06562746004162556
6_24_3011904,0.413,0.28195464022781574,False,-0.01238644518003329
6_24_3011989,0.445,0.2564887598862737,False,-0.0074401331333668885
6_24_3012003,0.731,0.38788054288543716,True,0.033612605304097154
6_24_3012007,0.746,0.259028685154745,True,0.03603474298712572
6_24_3012047,0.725,0.2110800369603993,True,0.03166675801299157
6_24_3012049,0.366,0.4295529656245663,False,-0.019612557825175125
6_24_3012097,0.766,0.4416202985414806,True,0.038822114039834044
6_24_3012107,0.578,0.3110940989344504,True,0.010734207720964783
6_24_3020119,0.617,0.29750398317939014,True,0.01642939654433806
6_24_3020165,0.623,0.3895879641564131,True,0.01746872609795036
6_24_3020180,0.843,0.23471981018948335,True,0.0573770986358052
6_24_3020240,0.438,0.38188760674390676,False,-0.008860537723991868
6_24_3020314,0.934,0.4983086391349467,True,0.08301240180664127
6_24_3020320,0.366,0.4486378075015102,False,-0.019613376198134747
6_24_3020326,0.121,0.49031542119862487,False,-0.06403954191699945
6_24_3020337,0.826,0.20393053876349754,True,0.053008723155688386
6_24_3020355,0.964,0.37804470615767766,True,0.10455621532852055
6_24_3020373,0.737,0.15636428149384365,True,0.03452848695038069
6_24_3020382,0.373,0.23500138142297222,False,-0.018055884787147702
6_24_3020390,0.197,0.42194263706036633,False,-0.04772942374462619
6_24_3020425,0.861,0.28636834384711307,True,0.0612546282686901
6_24_3020446,0.679,0.46105893895693323,True,0.025606620387912726
6_24_3020486,0.828,0.31435885777836164,True,0.05377606111515609
6_24_3020524,0.535,0.2548994398202616,True,0.004732938150913468
6_24_3020533,0.089,0.5139717452202349,False,-0.07408902644727089
6_24_3020630,0.649,0.3463113945466474,True,0.020859812774955966
6_24_3040649,0.872,0.3639493029567598,True,0.06370658133799234
6_24_3040710,0.121,0.20675259959868175,False,-0.06419236089875646
6_24_3040800,0.418,0.21109984426728176,False,-0.011430575768805795
6_24_3040857,0.834,0.2583769556037445,True,0.05488214857155971
6_24_3040895,0.365,0.29119850297666766,False,-0.019684323781140156
6_24_3040897,0.83,0.238206635385297,True,0.05386904508368284
6_24_3040929,0.926,0.40990060494333136,True,0.07981162142699227
6_24_3040944,0.782,0.31983067376273816,True,0.041729194571862305
6_24_3040985,0.349,0.23268165442911928,False,-0.023066611830453887
6_24_3040995,0.947,0.40693978122087004,True,0.093079275493258
6_24_3041025,0.796,0.2682710481308407,True,0.044403825208336745
6_24_3121665,0.848,0.2952472511378924,True,0.05925347274744741
6_24_3121777,0.197,0.2525547610108203,False,-0.047838960433887134
6_24_3130153,0.126,0.22767926959703236,False,-0.06217163222160216
6_24_3130238,0.825,0.40449551110022347,True,0.05270680623343216
6_24_3130368,0.972,0.3480700183936222,True,0.1131099284911341
6_24_3130448,0.328,0.330142379706154,False,-0.026081275943213855
6_24_3150988,0.872,0.19199318487801761,True,0.06358196562895257
6_24_3151163,0.739,0.22836107947480103,True,0.03498159832023151
6_24_3151232,0.725,0.2891751185435296,True,0.03199684519041057
6_24_3151253,0.528,0.2170735605196502,True,0.0035843393303606197
6_24_3151314,0.97,0.19900699510456832,True,0.11041232621891717
6_24_3151390,0.946,0.37159422333289327,True,0.09295401248037416
6_24_3151434,0.991,0.2435233261676944,True,0.13630069824966595
6_24_3151439,0.367,0.29081981360101733,False,-0.019313051316551588
6_24_3151560,0.668,0.17556071324059688,True,0.02400082606143572
6_24_3160553,0.772,0.5988371691974272,True,0.03997193408264077
6_24_3160711,0.373,0.21565369079704672,False,-0.017873314242005334
6_24_3160733,0.111,0.4177904542169054,False,-0.06884401122399741
6_24_3161093,0.98,0.26350183960547824,True,0.12055468999936247
6_24_3161128,0.987,0.20680209858542112,True,0.1300004212630278
6_24_3161418,0.968,0.1960727568765298,True,0.10982511763686775
6_24_3231587,0.931,0.2333134176035571,True,0.08105632138907615
6_24_3231700,0.987,0.2156555662943762,True,0.13244397453842904
6_24_3240075,0.893,0.23051176156983122,True,0.07104120648595202
6_24_3240224,0.225,0.2869723932661838,False,-0.04192829491335304
6_24_3270908,0.988,0.17936314750710178,True,0.13412484811272773
7_25_371350,0.68,0.25848034527889674,True,0.025685940329408852
7_25_371355,0.603,0.697980079578096,True,0.013961559692761805
7_25_380110,0.696,0.30818790192677925,True,0.028333757552499117
7_25_380190,0.394,0.27761167028987593,False,-0.014949150212913098
7_25_380191,0.772,0.2819795102667392,True,0.04000704713517933
7_25_380201,0.61,0.2988686239545433,True,0.014757871986889382
7_25_380202,0.752,0.5168004566854983,True,0.03689809215891571
7_25_380228,0.524,0.3236453772841054,True,0.0028281029590415674
7_25_400550,0.936,0.2191183364372587,True,0.08403103755920283
7_25_400585,0.56,0.2855561975573086,True,0.009058793182803893
7_25_400586,0.813,0.2402874148784879,True,0.05101101515613937
7_25_400595,0.733,0.3674769098739348,True,0.03386719799178051
7_25_400614,0.96,0.31371437028843796,True,0.10272183579870198
7_25_400660,0.829,0.4046414522963046,True,0.053825876139405815
7_25_400674,0.273,0.32119738412815024,False,-0.03361999947077887
7_25_400681,0.349,0.262065241237395,False,-0.02301837904693671
7_25_400690,0.745,0.3830707330491388,True,0.03560180984195449
7_25_400706,0.619,0.22054182125162236,True,0.016595283728947918
7_25_400715,0.688,0.29266975383887944,True,0.027083089215301226
7_25_400720,0.375,0.24053220677970688,False,-0.017335837060403314
7_25_400731,0.838,0.4157574751316897,True,0.05595510802166703
7_25_400732,0.421,0.7002633004109255,False,-0.011018557267089113
7_25_400760,0.56,0.36000719350406096,True,0.008888751135095352
7_25_400767,0.918,0.2980904802828481,True,0.07800951144915658
7_25_400768,0.968,0.41810406514300325,True,0.10930732774227336
7_25_400805,0.359,0.37380285618901465,False,-0.020482433792597954
7_25_400824,0.548,0.43443505293449414,True,0.0065863040459857025
7_25_400836,0.514,0.40527575459148923,True,0.0017577816822470504
7_25_400837,0.823,0.28223706275917154,True,0.052260695027042
7_25_400854,0.142,0.7300937262977506,False,-0.05890216091559464
7_25_400874,0.769,0.38703495879055344,True,0.03924981229484681
7_25_400878,0.915,0.25754353124838986,True,0.07742914718829041
7_25_400886,0.97,0.31079500682896316,True,0.11143391739231667
7_25_400899,0.741,0.38784212799833084,True,0.03517047935355089
7_25_400929,0.943,0.4506045570430683,True,0.08995315724779307
7_25_400962,0.688,0.2455284846406042,True,0.027011480596424442
7_25_400967,0.605,0.3128086641270936,True,0.014379410960882466
7_25_401002,0.893,0.26312467121920946,True,0.07094077065410775
7_25_401010,0.686,0.270614950006023,True,0.026916629852807072
7_25_401017,0.455,0.2892379388353417,False,-0.006069800880614595
7_25_401039,0.763,0.34947770177178966,True,0.038558933725861166
7_25_401150,0.826,0.36876753817481694,True,0.05303847446108623
7_25_401642,0.515,0.4965730671856929,True,0.00207251999348379
7_25_480282,0.354,0.16593982112033023,False,-0.022185778719715055
7_25_482042,0.697,0.24671140958014776,True,0.028541076488241557
7_25_482047,0.352,0.2673043430386732,False,-0.02250996981028086
7_25_482053,0.968,0.3752197623298632,True,0.10923950912689162
7_25_482075,0.797,0.17918909577255893,True,0.044929602376286515
7_25_482080,0.402,0.22046066609065046,False,-0.014170791756137335
7_25_482091,0.94,0.8176746071622051,True,0.08793317024757041
7_25_482095,0.456,0.35808257277144734,False,-0.0058705755301529106
7_25_482100,0.475,0.3598830526832392,False,-0.0030627864632590818
7_25_482117,0.957,0.26354176280678143,True,0.0993954874621592
7_25_482121,0.967,0.24822998730442936,True,0.10539155058069494
7_25_482128,0.807,0.25716731242828617,True,0.04792883978087925
7_25_482144,0.756,0.1989288151436547,True,0.03757807048137618
7_25_482148,0.807,0.28273320176210676,True,0.047551094586862463
7_25_482156,0.94,0.2607283252664853,True,0.08870995969116235
7_25_482175,0.806,0.28764369011844904,True,0.04722650720320887
7_25_482184,0.531,0.5871419518647404,True,0.0042243408408233485
7_25_482186,0.713,0.20461130571558606,True,0.030478171890897965
7_25_482201,0.943,0.22527007684411615,True,0.08961724522602976
7_25_482206,0.786,0.38136364134699413,True,0.0419965108044289
7_25_482210,0.709,0.24371129320757992,True,0.02988525553947774
7_25_482223,0.672,0.16963700903587967,True,0.024469749005021524
7_25_482243,0.827,0.38885703490181356,True,0.053119674860293564
7_25_482251,0.264,0.26580474053650366,False,-0.03597559262146954
7_25_482265,0.868,0.3099494269954975,True,0.06249987327892936
7_25_482286,0.802,0.38246003898059583,True,0.04605123136119116
7_25_490092,0.447,0.2989050746747037,False,-0.0070705765764154105
7_25_490161,0.81,0.17849714291302154,True,0.04878650432432918
7_25_490253,0.787,0.40794402848778333,True,0.0422290075609949
7_25_490258,0.762,0.40383413160565845,True,0.03833515727989467
7_25_490270,0.354,0.5956640436424346,False,-0.022235615205643988
7_25_490290,0.424,0.4166870711183685,False,-0.010676711951788542
7_25_490291,0.419,0.1594848862154054,False,-0.011403365580294755
7_25_490295,0.415,0.2795792610031977,False,-0.011885436367409907
7_25_490307,0.457,0.7018338469919603,False,-0.005306747302139092
7_25_490317,0.681,0.5104080734280043,True,0.025694741857976267
7_25_490327,0.316,0.5226107632465957,False,-0.027548565213061815
7_25_490340,0.156,0.41026435764652397,False,-0.05579034014521733
7_25_490361,0.868,0.39834407817663353,True,0.06257374552273887
7_25_490367,0.828,0.3507064154022088,True,0.053743904301818635
7_25_490377,0.411,0.30676996645519333,False,-0.01312680512314146
7_25_490387,0.848,0.2962416568129267,True,0.05884521695417344
7_25_490430,0.602,0.25535461250191827,True,0.013764059685376084
7_25_490461,0.843,0.42653869474583306,True,0.05728745707140148
7_25_490685,0.511,0.2458811683759215,True,0.0013740057011515372
7_25_511104,0.331,0.3109151260378909,False,-0.0256567994985355
7_25_511116,0.878,0.39203526950063317,True,0.06638093320633587
7_25_511171,0.926,0.2010821694217082,True,0.08027418837395606
7_25_511284,0.415,0.3346433482024672,False,-0.011983484276163914
7_25_511290,0.649,0.2017831185504747,True,0.020641682723085086
7_25_511291,0.823,0.25199415130227043,True,0.05203678451385374
7_25_511325,0.199,0.5314379732578031,False,-0.04756691186713202
7_25_511327,0.491,0.3236741068632155,False,-0.0013318376536783916
7_25_511334,0.705,0.25930165630000523,True,0.029609578318297802
7_25_511355,0.987,0.18412422655640429,True,0.13166121859192614
7_25_511356,0.289,0.3114953537640377,False,-0.031109631412340244
7_25_511381,0.862,0.24323348505514128,True,0.06165033224433847
7_25_600438,0.933,0.1812940701838857,True,0.08213251577467995
7_25_600444,0.753,0.12714957963711637,True,0.03703479886531691
7_25_600600,0.504,0.2418443886689102,True,0.0006691887040743971
7_25_621216,0.936,0.21951668884503517,True,0.08404504662651702
7_25_621244,0.872,0.24031011754022258,True,0.06377152087361992
7_25_621628,0.977,0.18523613907662909,True,0.11514297831635334
7_25_630462,0.991,0.28841513361879845,True,0.13901673045502494
7_25_630651,0.874,0.23349587444829606,True,0.06457190659852474
7_25_630812,0.777,0.2881061515266377,True,0.04096333606160463
7_25_630829,0.628,0.30948765931718925,True,0.0176127186341013
7_25_630848,0.983,0.2621717017395857,True,0.12577210155997354
7_25_630860,0.943,0.3573609011501575,True,0.08936954287445942
7_25_630952,0.444,0.21483413699066697,False,-0.00824719206806912
7_25_631107,0.982,0.2066250999990466,True,0.12337449566285685
7_25_631292,0.78,0.29852864447755356,True,0.04110731477895069
7_25_631339,0.772,0.18149462518965856,True,0.04003382994499893
7_25_631361,0.681,0.15987014924824908,True,0.025711954363417444
7_25_631380,0.464,0.21720178423569975,False,-0.004622816545839958
7_25_631388,0.492,0.2624412192438688,False,-0.0009688449010971656
7_26_1150600,0.087,0.25665988445811944,False,-0.07536592393913688
7_26_1150602,0.893,0.39241200179526897,True,0.07067695862980794
7_26_1150607,0.952,0.3439803131174315,True,0.09742590419579267
7_26_1150616,0.92,0.2989734788861062,True,0.07875066373839357
7_26_1150623,0.578,0.22837600279713924,True,0.01068367574278839
7_26_1150650,0.472,0.24956902312264714,False,-0.0033985111486258823
7_26_1150654,0.373,0.3207006454785034,False,-0.01867106318549827
7_26_1150672,0.931,0.35649295351957216,True,0.08124290864734451
7_26_1150680,0.647,0.2650565971901999,True,0.019990034925080447
7_26_1150695,0.725,0.21924133146885214,True,0.03200449346821477
7_26_1150716,0.967,0.2677971424773468,True,0.10547674957797792
7_26_1150728,0.952,0.3450232519222995,True,0.0965871422298129
7_26_1150743,0.98,0.2373880452775257,True,0.12018459647133661
7_26_1150765,0.853,0.3846620330117343,True,0.06014084927036556
7_26_1150766,0.362,0.41507726729783884,False,-0.020251020063720926
7_26_1150767,0.876,0.42694559887778183,True,0.06568939905143156
7_26_1150781,0.562,0.636066150658152,True,0.009321818815344884
7_26_1150789,0.492,0.43428865762849594,False,-0.0005584044670177146
7_26_1150796,0.705,0.291756941691376,True,0.029657625557090728
7_26_1150805,0.811,0.3935681747419317,True,0.05027314765499569
7_26_1150806,0.38,0.46095970163271544,False,-0.01666587435090716
7_26_1150812,0.87,0.3503729330932007,True,0.06324935307702861
7_26_1150814,0.864,0.20213538330573788,True,0.06197811387783103
7_26_1150826,0.301,0.20666185288612318,False,-0.030237048478628292
7_26_1150828,0.991,0.290072681930191,True,0.13853336045069198
7_26_1150831,0.086,0.45547063305765934,False,-0.07587739770348656
7_26_1150838,0.551,0.409473322769662,True,0.007022450716375417
7_26_1150839,0.162,0.5579043168575147,False,-0.055052157958407344
7_26_1150840,0.56,0.4451442545153738,True,0.008791505342956252
7_26_1150845,0.893,0.19304586599924128,True,0.07029733374111158
7_26_1150878,0.647,0.3976085683155935,True,0.02007246849335176
7_26_1150886,0.805,0.24918333455783825,True,0.04696579914252108
7_26_1150897,0.883,0.3144194392821372,True,0.06770645779694795
7_26_1150898,0.237,0.37695957772401795,False,-0.040286526888143825
7_26_1150906,0.122,0.3995851198700423,False,-0.06301458736661902
7_26_1150917,0.957,0.42467816824165444,True,0.0988986635712511
7_26_1150920,0.851,0.4007395561384228,True,0.05957153000514048
7_26_1150924,0.356,0.37344522988225676,False,-0.021993495287758735
7_26_1150926,0.921,0.16064980656825753,True,0.07881576060016038
7_26_1150938,0.571,0.716565599119223,True,0.010217637916803413
7_26_1150957,0.828,0.8131223765389717,True,0.053667057981142574
7_26_1170994,0.465,0.23575878073058923,False,-0.004443190130265062
7_26_1171010,0.075,0.23989227811298738,False,-0.07956209934909575
7_26_1171022,0.919,0.3976256494931893,True,0.078228702361962
7_26_1171032,0.249,0.8132977455105702,False,-0.037815147355328316
7_26_1171050,0.649,0.469938642152411,True,0.02066774276147021
7_26_1171061,0.298,0.2680163879350354,False,-0.030477608141435963
7_26_1171071,0.672,0.25647160398223845,True,0.024281293091971023
7_26_1171075,0.853,0.3585308403851378,True,0.06036941011817132
7_26_1171119,0.116,0.43918690347707967,False,-0.06581860301830411
7_26_1171131,0.796,0.4299922874160985,True,0.044438071336029394
7_26_1171138,0.73,0.5471337597333301,True,0.03282201166183418
7_26_1171140,0.338,0.45019226367742854,False,-0.024440554174448792
7_26_1171145,0.971,0.3553422612235242,True,0.11190545553784481
7_26_1171156,0.918,0.39449659324778336,True,0.0779289737885962
7_26_1171165,0.93,0.43776937069304345,True,0.08101107185039991
7_26_1171167,0.623,0.3209879332060833,True,0.017496055750260697
7_26_1171168,0.791,0.2848232337666231,True,0.04341035525285886
7_26_1171178,0.71,0.18538837290204432,True,0.030022850080229202
7_26_1171202,0.632,0.4484714921068519,True,0.01834226618374024
7_26_1171212,0.067,0.43771869612972897,False,-0.0829123379747354
7_26_1171214,0.079,0.31483714105811755,False,-0.0787847219257527
7_26_1171218,0.962,0.3062124314238068,True,0.10383185218921598
7_26_1171219,0.827,0.3561706293603485,True,0.053483913120532134
7_26_1171220,0.703,0.4246123049483048,True,0.029316249737237232
7_26_1171222,0.725,0.20744724276905133,True,0.03211572980225996
7_26_1171223,0.357,0.493135144643513,False,-0.02172560998914741
7_26_1171231,0.847,0.24820302006449518,True,0.05847015445979742
7_26_1171242,0.859,0.35459007844871054,True,0.060944631565431506
7_26_1171247,0.881,0.2597843459461401,True,0.06706051404907976
7_26_1171250,0.726,0.348894749606385,True,0.03228962898546639
7_26_1171254,0.979,0.4385717075126814,True,0.11803868998570588
7_26_1171262,0.903,0.25546628024900003,True,0.07430947275228539
7_26_1171264,0.132,0.3600622259205956,False,-0.061239183172894895
7_26_1171283,0.806,0.41404102178066127,True,0.047117783153972304
7_26_1171285,0.748,0.4006903748745356,True,0.03660272983631163
7_26_1171300,0.526,0.31331035253369777,True,0.003027716886227827
7_26_1171304,0.413,0.26356144271956516,False,-0.012441648666858596
7_26_1171318,0.971,0.24686779083606344,True,0.11214998901906037
7_26_1171320,0.977,0.3967502595731825,True,0.11511611408202738
7_26_1171326,0.878,0.3308698517406744,True,0.0663172571793823
7_26_1171335,0.909,0.3699299462614766,True,0.07530377476112382
7_26_1171342,0.579,0.4123664124435374,True,0.010973887652174108
7_26_1171362,0.888,0.46180934864738193,True,0.06894677034333152
7_26_1171377,0.87,0.2377026274841131,True,0.0633392511589681
7_26_1171400,0.889,0.24257498125843777,True,0.06942679615829561
7_26_1171429,0.824,0.5229914678533918,True,0.052392033510842984
7_26_1171471,0.78,0.4272808606285592,True,0.04123295654508907
7_26_1171489,0.414,0.3228711202056609,False,-0.012101371417171158
7_26_1171517,0.491,0.6189562733343849,False,-0.0015350035146506347
7_26_1171529,0.545,0.39286757741989115,True,0.0057793266490503425
7_26_1180369,0.395,0.2778198687085776,False,-0.014935284580647634
7_26_1260307,0.963,0.24403146172134837,True,0.10397820418396087
7_26_1260373,0.072,0.3396965902764402,False,-0.08115785824632837
7_26_1260435,0.834,0.1947726032040803,True,0.055052655383734606
7_26_1260444,0.952,0.24770045371444363,True,0.09766898074014918
7_26_1260463,0.983,0.3085208089287727,True,0.1265330001070658
7_26_1260476,0.387,0.8410024423707008,False,-0.015705544838942043
7_26_1260604,0.553,0.24031272281777574,True,0.007671369874680423
7_26_1260628,0.91,0.3152350473273685,True,0.07556661536763476
7_26_1260640,0.889,0.8024735393715513,True,0.06909917063187587
7_26_1260670,0.934,0.4206929913960608,True,0.08303016464065927
7_26_1260677,0.853,0.2754723631215207,True,0.060193186432728085
7_26_1260681,0.937,0.2233014258268164,True,0.08548040368270782
7_26_1260688,0.528,0.39162495590312696,True,0.0033859300612859577
7_26_1260697,0.361,0.17967530545727836,False,-0.020358368817613215
7_26_1260732,0.741,0.28357868677496656,True,0.03525210363736664
7_26_1260764,0.579,0.405083770394499,True,0.010976976411055883
7_26_1280999,0.375,0.4591302724048662,False,-0.017102770508105047
7_26_1281066,0.575,0.36847030253182084,True,0.010474933752691595
7_26_1281120,0.547,0.888916975531279,True,0.006174238979693825
7_26_1281140,0.61,0.25797515845047375,True,0.014759716327776617
7_26_1281219,0.932,0.3039240729627899,True,0.08197268923174428
7_26_1281222,0.497,0.2600917995193042,False,-0.0003354154201795634
7_26_1281229,0.611,0.20276955509255642,True,0.015504230971763122
7_26_1281271,0.777,0.2698844598423486,True,0.04076393241160059
7_26_1281286,0.243,0.3224561306854458,False,-0.0389822352288447
7_26_1281299,0.529,0.39211284096332455,True,0.003637574192392079
7_26_1360812,0.757,0.4146716491848222,True,0.03761141265231194
7_26_1361094,0.745,0.16666567717158762,True,0.0358455835318402
7_26_1361150,0.94,0.22120456836377905,True,0.087543377941382
7_26_1361171,0.848,0.2074984375051239,True,0.058985131255755885
7_26_1361790,0.995,0.22451194904971933,True,0.15851816389020934
7_26_1361880,0.066,0.23954599145826172,False,-0.08437541383419767
7_26_1361884,0.964,0.21629071008907513,True,0.10464561851886112
7_26_1361979,0.959,0.20005705081921843,True,0.10180306276542306
7_26_1370135,0.959,0.21046585290046713,True,0.1021644307314562
7_26_1370222,0.256,0.25222836123513415,False,-0.037174931644405884
7_26_1370226,0.967,0.17190387298933385,True,0.10593238023583751
7_26_1370314,0.934,0.20309291693152853,True,0.08275570661360776
7_26_1391175,0.547,0.18509294435730958,True,0.0060576610461262614
7_26_1391296,0.869,0.31062313741160813,True,0.0627656899162583
7_26_1391311,0.98,0.2280369956579348,True,0.12191417976711794
7_26_1391342,0.619,0.21939052544178134,True,0.017061583993045693
7_26_1391388,0.875,0.20764628443673275,True,0.06493101798084
7_26_1391419,0.117,0.37037921442300575,False,-0.06479184084807188
7_26_1391432,0.876,0.22345326115744424,True,0.06584778606079533
7_26_1391483,0.995,0.21017101317520112,True,0.15926774543289535
7_26_1391486,0.513,0.20473087125053202,True,0.0016481655568795217
7_26_1391562,0.188,0.1583421498230634,False,-0.04935726346573155
7_26_1391636,0.981,0.21120498973110982,True,0.1224735901517785
7_26_1400185,0.97,0.2384687746050206,True,0.11043025021186725
7_26_1400480,0.569,0.2559838331185545,True,0.010132525507200674
7_26_1400646,0.79,0.12202151412895743,True,0.04251003839410361
7_26_1400686,0.944,0.39443156281428493,True,0.09030671915203725
7_26_1400768,0.913,0.36272166394931454,True,0.07638069806640946
7_26_1400825,0.872,0.17049076309555847,True,0.06372205469007497
7_26_1400874,0.427,0.17503888686686117,False,-0.010133802767993805
7_26_1400911,0.968,0.22578429199742972,True,0.10922797689101238
7_26_1401044,0.996,0.23554649835465605,True,0.16789600370122404
7_26_1401098,0.996,0.25499528829249085,True,0.16899677541842273
7_26_1401111,0.993,0.24561989932214098,True,0.1442620763972593
7_27_1920445,0.811,0.3891147002039994,True,0.04992599166881062
7_27_1920455,0.686,0.48766951430343064,True,0.02688252326979934
7_27_1920484,0.28,0.45329023687000813,False,-0.0325601264280162
7_27_1920486,0.833,0.6252146922826649,True,0.05442318700513127
7_27_1920510,0.681,0.40022615063066297,True,0.02587080943981168
7_27_1920523,0.941,0.3891167320551571,True,0.08907111830061243
7_27_1920531,0.801,0.2965996233659998,True,0.045745806575283376
7_27_1920565,0.226,0.4962110705274546,False,-0.041613266825303086
7_27_1920574,0.795,0.41308912939179876,True,0.04424417093726407
7_27_1920592,0.745,0.20207069583060197,True,0.035838150319599804
7_27_1920594,0.94,0.3641230418417295,True,0.0889346320326746
7_27_1920597,0.455,0.28694834660227614,False,-0.006077627628615856
7_27_1920599,0.98,0.24849986942481472,True,0.11994579966151742
7_27_1920605,0.425,0.25988949571672393,False,-0.010396581018226492
7_27_1920621,0.685,0.3525909357218928,True,0.026433271819353843
7_27_1920625,0.893,0.4404789494844426,True,0.07058606540158174
7_27_1920657,0.785,0.4936404524702798,True,0.04185967446076666
7_27_1920659,0.538,0.5142881729827731,True,0.004947567517561979
7_27_1920662,0.775,0.3754205349861989,True,0.04044469171248544
7_27_1920663,0.888,0.4169417270652844,True,0.06872162429797912
7_27_1920689,0.547,0.24056367173156545,True,0.005961982470492733
7_27_1920694,0.889,0.24992874847534466,True,0.06960104659269462
7_27_1920696,0.811,0.5150164029322646,True,0.04971238362452146
7_27_1920717,0.946,0.3867154353626354,True,0.09249423802247436
7_27_1920738,0.664,0.2807172148362554,True,0.023427548718064184
7_27_1920739,0.579,0.4835589196773587,True,0.010950924463129397
7_27_1920743,0.357,0.4722019908894787,False,-0.02147143676274932
7_27_1920744,0.79,0.4354028984217461,True,0.04293583366669751
7_27_1920748,0.649,0.3053273933997678,True,0.020789734095967405
7_27_1920753,0.452,0.4459123981583417,False,-0.006580588108903607
7_27_1920756,0.667,0.3047161252060102,True,0.023721094587170644
7_27_1920762,0.38,0.5270066325640849,False,-0.016641974583653685
7_27_1920767,0.977,0.30441993270460826,True,0.11708328364343612
7_27_1920768,0.909,0.23422367797826982,True,0.07528651188299784
7_27_1920778,0.61,0.3194666197500531,True,0.014810420442781913
7_27_1920786,0.931,0.47868500165027367,True,0.08133960203203483
7_27_1920812,0.987,0.308431233452436,True,0.13243561170895546
7_27_1920820,0.899,0.3950440025735415,True,0.07300942441084113
7_27_1920829,0.427,0.25384165346212717,False,-0.010124637419429261
7_27_1920835,0.373,0.41982872698913093,False,-0.018161500365490912
7_27_1920841,0.528,0.5013091471908234,True,0.0034508737545909662
7_27_1920844,0.171,0.26205335985421674,False,-0.05256529404750565
7_27_1920847,0.639,0.4477092477471161,True,0.01904183743377419
7_27_1920850,0.726,0.4379913524338273,True,0.03220799666749574
7_27_1920851,0.771,0.5248732232655647,True,0.03976067906720093
7_27_1920854,0.823,0.6311534156297259,True,0.052194554217504185
7_27_1920862,0.954,0.2842793253731301,True,0.0981591618780947
7_27_1920867,0.782,0.2976485823409242,True,0.041722842427529105
7_27_1920876,0.348,0.1848498148986187,False,-0.023324939391424993
7_27_1920888,0.49,0.36419279639830454,False,-0.0016070201932512074
7_27_1920897,0.907,0.39511117610656926,True,0.07473423948375302
7_27_1920904,0.88,0.39980760038945695,True,0.0669342288950564
7_27_1920905,0.713,0.360094028721308,True,0.03031714859111967
7_27_1920908,0.867,0.3267650646171794,True,0.062392972742688624
7_27_1920924,0.936,0.41875021342969587,True,0.08400937904509809
7_27_1920928,0.97,0.33185608560130225,True,0.11107528695043922
7_27_1920933,0.862,0.3934279557785036,True,0.0615787068193453
7_27_1920941,0.957,0.3075559535014639,True,0.1004858122929927
7_27_1920946,0.604,0.24029070577666553,True,0.014150429465871861
7_27_1920955,0.782,0.31076455874757763,True,0.04171582900649018
7_27_1920966,0.481,0.2838718573670814,False,-0.002632839083929195
7_27_1920974,0.94,0.4368600909388235,True,0.0879420876613689
7_27_1920990,0.797,0.5362460302370208,True,0.04499665807885922
7_27_1920992,0.656,0.38077645085784523,True,0.022747888809506067
7_27_1920997,0.305,0.270800535691167,False,-0.02965298150292539
7_27_1920998,0.433,0.5110334537732839,False,-0.009424562020873939
7_27_1921001,0.149,0.43082190266233766,False,-0.05728089995842778
7_27_1921004,0.796,0.3939727317862304,True,0.04448930448786559
7_27_1921009,0.867,0.3900923516097307,True,0.06246082879977499
7_27_1921011,0.365,0.23728320620270904,False,-0.01981424851433844
7_27_1921015,0.389,0.19817081953666446,False,-0.015306745787734943
7_27_1921016,0.659,0.46954621640124483,True,0.023081762390082305
7_27_1921022,0.73,0.7304503747319987,True,0.032770874866921096
7_27_1921023,0.94,0.4689443667213598,True,0.08783199492212346
7_27_1921029,0.356,0.3605862102372436,False,-0.022087613181419163
7_27_1921039,0.682,0.6750903340635748,True,0.026124253577180512
7_27_1921043,0.948,0.34011222641487615,True,0.09378074159379435
7_27_1921049,0.898,0.38936014952933545,True,0.07263177746258331
7_27_1921051,0.797,0.3521585628359418,True,0.045122577571090505
7_27_1921053,0.81,0.4085338678272197,True,0.04827764163874293
7_27_1921064,0.401,0.3996435310745673,False,-0.014221545844836259
7_27_1921077,0.608,0.37567007148013365,True,0.014573180014492482
7_27_1921080,0.794,0.2845892438292832,True,0.044058312155782486
7_27_1921086,0.517,0.3552455808366825,True,0.0022938013706660376
7_27_1921100,0.684,0.3536639070626569,True,0.026315192935416398
7_27_1921103,0.881,0.3131371933874847,True,0.06709005046357297
7_27_1921121,0.492,0.41214069192328534,False,-0.0010234743411197122
7_27_1921125,0.552,0.25986500156452663,True,0.0071915307088590286
7_27_1921138,0.225,0.5992702691389762,False,-0.04200357641010655
7_27_1921140,0.77,0.3635503847248201,True,0.03962534645235716
7_27_1921151,0.87,0.38958707350065946,True,0.06325501477977469
7_27_1921199,0.776,0.27552548505850516,True,0.04070908658933281
7_27_1921220,0.896,0.47685546939611895,True,0.07165854151683848
7_27_1921227,0.81,0.3803657245927513,True,0.04838666902232713
7_27_1921274,0.847,0.42449948647108715,True,0.05844517704916896
7_27_1921297,0.715,0.4119465371318135,True,0.030641937868002067
7_27_1940733,0.863,0.18454071057119165,True,0.06171313076845941
7_27_1941130,0.604,0.33705496280810804,True,0.014117056757087187
7_27_1941182,0.789,0.42315729319748197,True,0.042297770327035966
7_27_1941207,0.971,0.5013450073503462,True,0.1118441458062247
7_27_1941229,0.945,0.30120473398394104,True,0.09081350218312445
7_27_1941237,0.937,0.34181280475255865,True,0.08500633066312091
7_27_1941247,0.915,0.4741737325306404,True,0.07754708234273455
7_27_1941251,0.836,0.4628607484645061,True,0.05537986463042366
7_27_1941258,0.689,0.4831052504237677,True,0.027182876971906467
7_27_1941267,0.932,0.4658229929525076,True,0.08177987515900809
7_27_1941271,0.431,0.2674668171181972,False,-0.009800973447988248
7_27_1941272,0.849,0.6409223977688963,True,0.05937245155192439
7_27_1941274,0.815,0.3085027823780352,True,0.05118929401351635
7_27_1941279,0.136,0.1943385868156588,False,-0.06042880982086807
7_27_1941288,0.94,0.42887806124605066,True,0.08733614880479679
7_27_1941297,0.91,0.4183492757961596,True,0.07587407903736132
7_27_1941306,0.47,0.29967712289983545,False,-0.003697420767177384
7_27_1941314,0.898,0.3267113852517626,True,0.07211141741242089
7_27_1941320,0.457,0.27593005867632653,False,-0.005356512126555524
7_27_1941340,0.336,0.44376043738817056,False,-0.024938712394660945
7_27_1941341,0.78,0.22861682271260972,True,0.04136996750139443
7_27_1941347,0.948,0.4556549754577308,True,0.09445400528424719
7_27_1941352,0.78,0.25932493715499116,True,0.04109822332004198
7_27_1941354,0.926,0.3038841196428466,True,0.08029029007223065
7_27_1941355,0.503,0.3766222989537981,True,0.00026835753117715466
7_27_1941357,0.694,0.40319653154538276,True,0.02788399411541831
7_27_1941359,0.812,0.23827748363398163,True,0.05087791266414299
7_27_1941369,0.879,0.37506462247890215,True,0.06658033492041504
7_27_1941379,0.8,0.28629753713177936,True,0.04552188816708669
7_27_1941382,0.411,0.37403133155697077,False,-0.013186861376507153
7_27_1941385,0.308,0.25368835612848706,False,-0.029195017405640344
7_27_1941387,0.935,0.3860854773768403,True,0.08330654761112355
7_27_1941392,0.853,0.3951384772534429,True,0.0599154125868574
7_27_1941394,0.811,0.37725997283105933,True,0.04930558648713035
7_27_1941396,0.33,0.21118103665806648,False,-0.025799828034672734
7_27_1941397,0.952,0.8012300896222193,True,0.09741351193480907
7_27_1941405,0.42,0.2654008210662286,False,-0.011085355887456183
7_27_1941408,0.438,0.2296680076053588,False,-0.008978181918418704
7_27_1941410,0.96,0.30005737024042467,True,0.10284795162858451
7_27_1941414,0.492,0.8894129538567274,False,-0.0005651164570501521
7_27_1941417,0.215,0.4394118332043627,False,-0.044626576977148114
7_27_1941421,0.833,0.33198495769105607,True,0.054361243875625465
7_27_1941427,0.738,0.23368948251041544,True,0.03485184003482944
7_27_1941431,0.977,0.4080622216564015,True,0.11763592320182281
7_27_1941435,0.913,0.40351331410072144,True,0.07710643939286188
7_27_1941442,0.595,0.24235420088902027,True,0.012907942126907157
7_27_1941443,0.678,0.3309292672653677,True,0.02524306410235877
7_27_1941453,0.373,0.29606934938562046,False,-0.018543158257547265
7_27_1941454,0.862,0.273636036094753,True,0.06151464828093034
7_27_1941458,0.94,0.3831064914602345,True,0.08794452322299473
7_27_1941467,0.708,0.625134109248876,True,0.02981519126469434
7_27_1941468,0.189,0.3744065345839966,False,-0.049228271434821114
7_27_1941469,0.993,0.356722551702897,True,0.1435786937360891
7_27_1941470,0.759,0.26469774760418063,True,0.03775362741271138
7_27_1941479,0.872,0.23456303830601244,True,0.06408946696882922
7_27_1941483,0.387,0.42178578564280367,False,-0.01581550429006806
7_27_1941485,0.932,0.2462005766228831,True,0.08209460729416018
7_27_1941491,0.764,0.4762794453912822,True,0.03869223538876643
7_27_1941496,0.726,0.3922970924425003,True,0.032203357636717445
7_27_1941498,0.492,0.26690845901770727,False,-0.0007115892490721087
7_27_1941500,0.889,0.22009707444555926,True,0.0695494261892764
7_27_1941503,0.791,0.4604739718851161,True,0.043420438252823046
7_27_1941507,0.753,0.28570579509332544,True,0.03704961269408058
7_27_1941510,0.794,0.3911454042127036,True,0.04395045053135893
7_27_1941517,0.902,0.2481391731897804,True,0.07353405767566401
7_27_1941520,0.674,0.20974186305240855,True,0.024673440442721017
7_27_1941523,0.753,0.3759493317310244,True,0.03691561801561105
7_27_1941525,0.846,0.35398002091012953,True,0.058088152777619584
7_27_1941534,0.847,0.23810388215121983,True,0.058626348228490444
7_27_1941540,0.91,0.45439079611459493,True,0.07562790214054949
7_27_1941541,0.957,0.4035173019361838,True,0.09983596291346786
7_27_1941546,0.936,0.5093742405220731,True,0.08389837893932617
7_27_1941548,0.96,0.42995255657878295,True,0.10259887946418655
7_27_1941559,0.935,0.3726264794921434,True,0.0833851082873609
7_27_1941561,0.81,0.39089903830759054,True,0.04897606378189712
7_27_1941564,0.78,0.40282723420579925,True,0.041548845034670934
7_27_1941570,0.617,0.3602967258876062,True,0.016546550766986634
7_27_1941571,0.861,0.3187959993506438,True,0.06120370724246138
7_27_1941572,0.838,0.26373263416270026,True,0.05620906529437364
7_27_1941575,0.861,0.3999154999058224,True,0.06128862610978447
7_27_1941576,0.968,0.3890578490837741,True,0.10626930026104608
7_27_1941588,0.957,0.5683364700610251,True,0.09967911552873321
7_27_1941589,0.861,0.20298978075436205,True,0.061046690786493496
7_27_1941592,0.617,0.3394086189103035,True,0.016304050871378983
7_27_1941594,0.456,0.32422672732457086,False,-0.005752184096179391
7_27_1941609,0.941,0.4332840329783583,True,0.08903371048093234
7_27_1941613,0.775,0.25332366611258716,True,0.04051675428676793
7_27_1941622,0.731,0.2597148709636546,True,0.03327109311424992
7_27_1941626,0.839,0.2804068584224293,True,0.05653225464590983
7_27_1941627,0.925,0.20921735213210274,True,0.0796588113715081
7_27_1941630,0.861,0.3636226443550083,True,0.06126712563905812
7_27_1941643,0.609,0.5570076559085773,True,0.014695545823246281
7_27_1941647,0.797,0.46033926609223547,True,0.04480126714151611
7_27_1941648,0.634,0.2689914486257735,True,0.01849211812686402
7_27_1941649,0.834,0.35278109124699814,True,0.05482673299071861
7_27_1941652,0.983,0.28357561505637174,True,0.12382706845507208
7_27_1941653,0.402,0.41681973344509166,False,-0.014104206628168026
7_27_1941665,0.602,0.6572529531410498,True,0.013897450151126423
7_27_1941668,0.843,0.41309771712856974,True,0.0575861751577359
7_27_1941677,0.619,0.211767252331427,True,0.016816825766027943
7_27_1941693,0.843,0.3339230935630398,True,0.057446515264599984
7_27_1941694,0.604,0.290575050447852,True,0.014264806167370137
7_27_1941708,0.986,0.38979323060561855,True,0.12822867514055636
7_27_1941715,0.823,0.45851824479220965,True,0.05213846793150334
7_27_1941721,0.73,0.27774383891281795,True,0.03324811815702322
7_27_1941800,0.796,0.32082263411525763,True,0.04465759286062221
7_27_1941854,0.875,0.22580853293021932,True,0.06532206246024908
7_27_2021726,0.848,0.366656943859895,True,0.0591690765043037
7_27_2021745,0.491,0.19468733950141828,False,-0.0014520850419712517
7_27_2021796,0.405,0.23566051998645754,False,-0.013994637109677965
7_27_2030390,0.802,0.29082206693240487,True,0.046494855005898006
7_27_2030506,0.805,0.22910386387319442,True,0.046917919876429126
7_27_2030510,0.238,0.19547426210161914,False,-0.03971201047562767
7_27_2030552,0.451,0.3518285932812095,False,-0.00662115361504334
7_27_2030627,0.182,0.295991281670457,False,-0.049960541180622986
7_27_2050935,0.913,0.3046361867995311,True,0.07653469491490317
7_27_2051008,0.968,0.3170493587264621,True,0.10656601241649599
7_27_2051045,0.552,0.4008358510283872,True,0.007403185193664119
7_27_2051166,0.665,0.37777573906437983,True,0.023447123825520055
7_27_2051178,0.94,0.4954345227054576,True,0.08830378978924991
7_27_2051190,0.842,0.4447671902620649,True,0.057141359716995965
7_27_2051191,0.81,0.4269272747011094,True,0.04895221962823193
7_27_2051194,0.862,0.24135662753776332,True,0.06157303963222771
7_27_2051231,0.936,0.3906288075296513,True,0.08470773883477489
7_27_2051261,0.888,0.25977038448909007,True,0.06863233666711965
7_27_2051280,0.526,0.37982794398812947,True,0.003064869551058891
7_27_2051291,0.774,0.29387179515465084,True,0.04033480666995659
7_27_2051302,0.478,0.25257356460560865,False,-0.002759293189722678
7_27_2051462,0.144,0.43497272569995726,False,-0.05875353082892554
7_27_2130740,0.876,0.25787819549561314,True,0.06574370004817698
7_27_2130758,0.954,0.25747264373118717,True,0.09799798642664947
7_27_2130765,0.697,0.15820275941896833,True,0.028472068477018442
7_27_2131239,0.944,0.17527940067232695,True,0.09057611964164869
7_27_2131423,0.983,0.18679494695382742,True,0.12544531224534816
7_27_2131445,0.737,0.21771162876081032,True,0.03436160160072077
7_27_2131447,0.968,0.22295960406858362,True,0.10702332304520412
7_27_2131499,0.861,0.23821875830252728,True,0.06132439058748396
7_27_2131586,0.63,0.20316206116524718,True,0.017969580790646478
7_27_2131636,0.98,0.2667379655447568,True,0.11976203736697177
7_27_2131659,0.991,0.16865424284190572,True,0.1390163119763025
7_27_2131675,0.869,0.18889637982406762,True,0.063044423192959
7_27_2131689,0.948,0.23548703689305714,True,0.09394972811807767
7_27_2131712,0.768,0.19706342389692255,True,0.03904525434195116
7_27_2131714,0.895,0.3612278392785512,True,0.07159390530910603
7_27_2131747,0.616,0.33992700799993314,True,0.016064144092719612
7_27_2131879,0.45,0.19906042326183873,False,-0.006746042038061839
7_27_2131904,0.319,0.18347871092388116,False,-0.0273228039751372
7_27_2131941,0.691,0.21748371522717547,True,0.02741974921927348
7_27_2140230,0.21,0.1704992634686019,False,-0.04586272407224867
7_27_2160750,0.823,0.21093312018417948,True,0.052253669752291176
7_27_2160786,0.089,0.285217243876741,False,-0.07456626080801043
7_27_2160805,0.602,0.20591815778025535,True,0.013826221525527038
7_27_2160890,0.247,0.15520721340619265,False,-0.03804204274721856
7_27_2160901,0.811,0.2586107682355903,True,0.05018101321242141
7_27_2160908,1.0,0.26733687619212065,True,0.18733738202965433
7_27_2160909,0.801,0.20363387972718344,True,0.04594570911801832
7_27_2160950,0.981,0.2358538465776959,True,0.12259964466175832
7_27_2160960,0.389,0.17586251008833692,False,-0.015288516105998129
7_27_2160989,0.91,0.27095395720145865,True,0.0758731928998938
7_27_2161041,0.898,0.62199627902836,True,0.07245501221918471
7_27_2161086,0.072,0.1838984783694404,False,-0.08121413402109567
7_27_2161096,0.305,0.17341839307333515,False,-0.029757012899170432
7_27_2250963,0.746,0.23527660819459656,True,0.036187701019198326
7_27_2270864,0.267,0.22271825090321973,False,-0.03503988312905504
7_27_2271386,0.844,0.3645111087733839,True,0.057699723213255005
7_27_2271508,0.944,0.2790957245687234,True,0.09012956780574977
7_27_2280303,0.995,0.3099278748759601,True,0.1566956736471381
7_27_2280328,0.939,0.28668257912289713,True,0.08609756284472925
7_27_2280344,0.15,0.21016064257066544,False,-0.057026627790073725
7_27_2280358,0.898,0.20232418798244187,True,0.07251999628837924
7_28_2690698,0.945,0.3625793207345035,True,0.09088797304447482
7_28_2690703,0.81,0.37068390679319696,True,0.048918147427213676
7_28_2710857,0.309,0.29182999064639026,False,-0.028917061666541066
7_28_2710932,0.826,0.22718998756199915,True,0.05293391546850601
7_28_2710938,0.961,0.4505256802427148,True,0.10348680978337466
7_28_2710975,0.804,0.38983704201359776,True,0.04685395951161242
7_28_2710983,0.734,0.4004565274627299,True,0.03414267745597088
7_28_2711015,0.558,0.2826140998775103,True,0.00840976984217534
7_28_2711027,0.83,0.3922166543624105,True,0.05390025076208338
7_28_2800328,0.089,0.3555994319198126,False,-0.07387996790250395
7_28_2800368,0.957,0.44012558007691166,True,0.10060986240614544
7_28_2800379,0.91,0.22167772497849644,True,0.0758101098270445
7_28_2800386,0.387,0.43292518818826664,False,-0.015936798736487345
7_28_2800404,0.94,0.26016691520229995,True,0.08648523192693058
7_28_2800446,0.887,0.299539691092158,True,0.06814237522320321
7_28_2800457,0.373,0.38789612466093937,False,-0.018342057068717832
7_28_2800475,0.967,0.49751185161983064,True,0.10568198884423086
7_28_2800508,0.939,0.34274624083132,True,0.08600692087628115
7_28_2800520,0.81,0.3852932474163672,True,0.04914516904955024
7_28_2800545,0.851,0.5160089756245521,True,0.05969179956690107
7_28_2800567,0.87,0.38401534660096115,True,0.06327266113812668
7_28_2800581,0.787,0.5594719829490482,True,0.04222837536087243
7_28_2800609,0.745,0.46198489528978987,True,0.035590801467404676
7_28_2800633,0.899,0.4079020924776036,True,0.07310775824507765
7_28_2800637,0.812,0.6904221776751999,True,0.05064251487542937
7_28_2800643,0.551,0.37648323507148884,True,0.0067740462789411815
7_28_2800670,0.049,0.8310663969182654,False,-0.09647370484141504
7_28_2800672,0.311,0.2925910292895885,False,-0.02813210423062462
7_28_2800676,0.197,0.7893296848382755,False,-0.04772971831171113
7_28_2800692,0.567,0.2354909308404712,True,0.009735495989515619
7_28_2800694,0.827,0.24425827359953295,True,0.05337150923633216
7_28_2800720,0.198,0.6633300124691958,False,-0.047585411832030244
7_28_2800721,0.987,0.3325633723335897,True,0.1317749387081033
7_28_2800736,0.932,0.5009351146584388,True,0.08198093666056461
7_28_2800775,0.845,0.2809540410592022,True,0.057880220551936756
7_28_2800790,0.349,0.4316964862996207,False,-0.023222098247957845
7_28_2800798,0.963,0.21572118066422233,True,0.10412008210590373
7_28_2800801,0.835,0.41089847712134203,True,0.05519397996968445
7_28_2800805,0.77,0.34975505944353946,True,0.039680707602201215
7_28_2800809,0.582,0.4190253782380198,True,0.011434204395465941
7_28_2800812,0.957,0.4021432513032403,True,0.09907955088907838
7_28_2800816,0.604,0.23646153268004774,True,0.014244973476992384
7_28_2800822,0.94,0.4297282063690807,True,0.0865790463063908
7_28_2800826,0.682,0.4952670058025574,True,0.02615399381590222
7_28_2800841,0.898,0.28293605500663704,True,0.07277957810229108
7_28_2800863,0.843,0.266752981418345,True,0.057240667221667096
7_28_2800870,0.896,0.29813483615390707,True,0.07163794530263046
7_28_2800874,0.833,0.40319317700108104,True,0.05445920372700308
7_28_2800877,0.855,0.3944757229305628,True,0.06061551606507143
7_28_2800881,0.957,0.27371426036703816,True,0.09892660664425001
7_28_2800886,0.745,0.4511801617573834,True,0.03592685263477402
7_28_2800898,0.659,0.2650581361430407,True,0.02317518990589318
7_28_2800899,0.667,0.48308730261239724,True,0.02379231302436413
7_28_2800907,0.186,0.2355978795800812,False,-0.04976864132869019
7_28_2800914,0.628,0.41285293034467413,True,0.017626986349656648
7_28_2800929,0.473,0.26982641264778806,False,-0.0032783862334908598
7_28_2800943,0.81,0.28991391688969403,True,0.04914962752079577
7_28_2800953,0.724,0.6508224044403489,True,0.031562809201674535
7_28_2800954,0.851,0.4552905494221985,True,0.05968726975645866
7_28_2800989,0.968,0.397755512993219,True,0.1094604521932423
7_28_2801004,0.684,0.399438331038124,True,0.02629776471035572
7_28_2801024,0.641,0.32250762375824643,True,0.019290357962298388
7_28_2821211,0.413,0.2658105939696602,False,-0.012500722285598398
7_28_2821225,0.641,0.3974281621342399,True,0.01957038122869459
7_28_2821258,0.222,0.3776057300007747,False,-0.042585471918339834
7_28_2821291,0.738,0.5065507810890749,True,0.03487068141032179
7_28_2821293,0.585,0.42803937545707743,True,0.011573705969174841
7_28_2821311,0.78,0.4406403220781252,True,0.04129108751112709
7_28_2821312,0.595,0.4429561983257793,True,0.012840688757083996
7_28_2821325,0.797,0.404169714595944,True,0.044759376522432004
7_28_2821331,0.907,0.28625218853919826,True,0.07495010511628808
7_28_2821359,0.351,0.751347550917348,False,-0.022705504450554193
7_28_2821373,0.373,0.3692307816351491,False,-0.018371549092866868
7_28_2821374,0.725,0.18500976823701024,True,0.03174634655956732
7_28_2821376,0.506,0.43081385054780014,True,0.0009079757530096044
7_28_2821393,0.366,0.4198650000388402,False,-0.01960270966874056
7_28_2821400,0.98,0.32557864331084263,True,0.1213099003772441
7_28_2821403,0.387,0.4967878834088136,False,-0.01598540299945972
7_28_2821405,0.943,0.22579830247029803,True,0.08968039699099806
7_28_2821409,0.373,0.34538538439972605,False,-0.01799460497890215
7_28_2821411,0.946,0.38817471855733643,True,0.09206402933563007
7_28_2821421,0.61,0.49291643643135646,True,0.014837302734932
7_28_2821422,0.782,0.43520758534786796,True,0.041706295014129036
7_28_2821429,0.786,0.4897780563772148,True,0.04207413502518087
7_28_2821434,0.737,0.22156748438775387,True,0.03434203951101222
7_28_2821437,0.638,0.32144746179106193,True,0.01898597121555312
7_28_2821438,0.745,0.2238767774451934,True,0.035734434906116386
7_28_2821440,0.793,0.3788436751119514,True,0.0437547694649042
7_28_2821449,0.91,0.39965972517882986,True,0.07607025379480137
7_28_2821450,0.913,0.4950742926556405,True,0.07681950309920837
7_28_2821451,0.438,0.3965099948821205,False,-0.00889847149639933
7_28_2821459,0.847,0.38993805122769143,True,0.05850186023069959
7_28_2821462,0.929,0.43271725630154007,True,0.08076900452500513
7_28_2821464,0.872,0.20653769142692327,True,0.06393518882582871
7_28_2821472,0.602,0.42363818363768163,True,0.01380075212367815
7_28_2821478,0.66,0.4059085627164972,True,0.02327241426216975
7_28_2821497,0.878,0.4884885270889911,True,0.06627042806029204
7_28_2821508,0.94,0.27340691712918513,True,0.08674923114014177
7_28_2821513,0.734,0.3990633215932666,True,0.03409956787013646
7_28_2821517,0.551,0.42901383666456655,True,0.006896835419165193
7_28_2821521,0.401,0.3894005460754001,False,-0.014211599673287223
7_28_2821526,0.731,0.26717466433018194,True,0.0332573612941689
7_28_2821528,0.881,0.4649769514459314,True,0.06722156276685776
7_28_2821536,0.926,0.4029016062569108,True,0.0800198836940551
7_28_2821550,0.425,0.42168994876633675,False,-0.010577352166504017
7_28_2821555,0.889,0.40922085021381555,True,0.06918835277361168
7_28_2821556,0.357,0.2620243435839558,False,-0.021665305999072793
7_28_2821558,0.611,0.3824591313574282,True,0.015015274543902057
7_28_2821559,0.91,0.2886130048147784,True,0.0761308382878102
7_28_2821604,0.812,0.24127180341724755,True,0.05085252597272372
7_28_2821610,0.996,0.3215265878532957,True,0.16128987826774877
7_28_2821624,0.561,0.5098965313656268,True,0.00917328848068455
7_28_2821635,0.811,0.4040399610982891,True,0.04966880650730643
7_28_2821639,0.875,0.3431969038151614,True,0.06520154759421337
7_28_2821645,0.531,0.26253572648659745,True,0.004056423320149216
7_28_2821658,0.714,0.25040795109685055,True,0.03056625806926172
7_28_2821672,0.983,0.3335294913055514,True,0.12526197571362463
7_28_2821674,0.832,0.26103843662067017,True,0.05408718151595493
7_28_2821679,0.726,0.34872731868935053,True,0.032332760623506096
7_28_2821696,0.28,0.3517549699839579,False,-0.032656951375567234
7_28_2821704,0.52,0.49203027419312323,True,0.0024528029106378746
7_28_2821712,0.586,0.2620733777423867,True,0.011809317804067576
7_28_2821726,0.745,0.3637131665294777,True,0.03577849513763265
7_28_2821728,0.764,0.22681417049961872,True,0.03869657250651559
7_28_2821756,0.759,0.423812638869601,True,0.037861002403117516
7_28_2821757,0.791,0.7219574113438768,True,0.04314147554299885
7_28_2821770,0.81,0.42107785351184485,True,0.04893979399420667
7_28_2821824,0.748,0.24437760544833534,True,0.03666756385341641
7_28_2821948,0.94,0.3738446390680528,True,0.0889422640167088
7_28_2901362,0.241,0.6294925716922423,False,-0.03916961813856279
7_28_2901600,0.848,0.6665217559565458,True,0.05924899592912092
7_28_2901758,0.995,0.2547805808096762,True,0.1544708654692326
7_28_2910193,0.948,0.26272659347631266,True,0.09386524263232199
7_28_2910276,0.509,0.27994832905879863,True,0.001243607670548319
7_28_2910314,0.879,0.29284970694933826,True,0.06659451950606088
7_28_2910326,0.582,0.1943157880828178,True,0.011245534269272883
7_28_2910359,0.933,0.251293875113583,True,0.08256309203307921
7_28_2910366,0.98,0.4795677395554171,True,0.1212180278748991
7_28_2910376,0.988,0.2895678722815214,True,0.1338500967304218
7_28_2910384,0.55,0.2829874268419748,True,0.006651156449156037
7_28_2910412,0.222,0.5537291771419344,False,-0.04261595164558174
7_28_2910678,0.645,0.22482912446438133,True,0.0198880061594936
7_28_2910760,0.91,0.250600917896398,True,0.07626965696035903
7_28_2931010,0.929,0.20385110932670614,True,0.0805679234058968
7_28_2931039,0.171,0.1706589040602787,False,-0.052117449642691493
7_28_2931077,0.096,0.20667397883660577,False,-0.07209491281669345
7_28_3010485,0.195,0.17977210068563648,False,-0.04811953109034928
7_28_3010950,0.993,0.1621254547240853,True,0.1442178322869837
7_28_3011007,0.992,0.2589605422977807,True,0.1423308804590635
7_28_3011028,0.445,0.24905596910819502,False,-0.007736522842708871
7_28_3011038,0.948,0.2153003424111656,True,0.09460308515358085
7_28_3011511,0.59,0.28353672361597837,True,0.012440854282492086
7_28_3011525,0.967,0.20625698777107423,True,0.10617945389199046
7_28_3011536,0.996,0.2637979115225702,True,0.16080454667570854
7_28_3011597,0.369,0.21705276716071067,False,-0.01907791383372026
7_28_3011642,0.526,0.23340027850250053,True,0.0030612561114278236
7_28_3011673,0.194,0.24573636893448034,False,-0.04841494449224615
7_28_3020127,0.992,0.251324231615702,True,0.1409488682031188
7_28_3020259,0.225,0.2594021948199654,False,-0.04185256649675084
7_28_3020394,0.991,0.46834492252659965,True,0.13904473633541203
7_28_3020408,0.952,0.31460843793910237,True,0.09675724578203504
7_28_3041009,0.392,0.18712196854754157,False,-0.014996905761049062
7_28_3041041,0.796,0.20917701013854978,True,0.04437551164399711
7_28_3050327,0.359,0.23428611140997535,False,-0.02084520239022636
7_28_3050647,0.791,0.21793486750522909,True,0.043559289572407844
7_28_3050748,0.674,0.24855009521491273,True,0.024673618628533345
7_28_3050759,0.974,0.17591789119916282,True,0.11367292179242561
7_28_3050760,0.94,0.21374928951830205,True,0.08793777202123376
8_29_380315,0.731,0.3473012100444943,True,0.033738199335493824
8_29_380361,0.629,0.47552897743202377,True,0.017824529599358208
8_29_380366,0.492,0.3233894200035307,False,-0.0005560409723359694
8_29_380367,0.48,0.2728316772243485,False,-0.0026949085060563593
8_29_380369,0.16,0.22696639726222823,False,-0.05546096168162462
8_29_380430,0.195,0.5795486284948015,False,-0.04818602394093441
8_29_380443,0.813,0.5416217437163403,True,0.0510629257585824
8_29_380490,0.135,0.38878210494460724,False,-0.060626878290571895
8_29_380526,0.396,0.39497863878183376,False,-0.014786204615411247
8_29_380537,0.967,0.40607461756105745,True,0.10599061928828724
8_29_380542,0.179,0.4047867416291306,False,-0.050593261252474875
8_29_380546,0.545,0.29945050908408183,True,0.0057070637875352714
8_29_380578,0.811,0.4058780683243903,True,0.049746546421533866
8_29_380579,0.907,0.36407182570663066,True,0.07517340835556907
8_29_380581,0.445,0.3807707883415037,False,-0.007763210138221899
8_29_380588,0.659,0.4589304474913595,True,0.02313364946179508
8_29_380592,0.445,0.3771494498158367,False,-0.008142405719086199
8_29_380661,0.214,0.4876804080470922,False,-0.044756972682820306
8_29_380681,0.047,0.5074988861099999,False,-0.09950358565989559
8_29_380682,0.957,0.30690048194330294,True,0.10088459315256582
8_29_380687,0.819,0.35109544271422843,True,0.05157860677090664
8_29_380695,0.033,0.6952904370343758,False,-0.10829617177509676
8_29_380697,0.821,0.22539971430033404,True,0.05162860471121766
8_29_380700,0.553,0.3077102104113296,True,0.007605000889624458
8_29_380702,0.753,0.48136716332983637,True,0.0369156360932722
8_29_380711,0.649,0.3636986789752211,True,0.020870889749483368
8_29_380715,0.948,0.37406729881029516,True,0.09368849106890786
8_29_380718,0.843,0.2068822980596651,True,0.05761286786175568
8_29_380729,0.806,0.38945768340451425,True,0.047154568758945636
8_29_380733,0.954,0.3215250892302874,True,0.09799848524854737
8_29_380736,0.651,0.4719083756431642,True,0.02203170470508875
8_29_380746,0.826,0.21228282697485149,True,0.052986509339512544
8_29_380747,0.893,0.386003623714189,True,0.07077995486541677
8_29_380757,0.281,0.3574398074067896,False,-0.03240129172003403
8_29_380759,0.08,0.5951557584606211,False,-0.07824973507655808
8_29_380765,0.746,0.36622528817203337,True,0.03642036151201211
8_29_380795,0.771,0.46229676791936625,True,0.03979716847149006
8_29_380816,0.794,0.35776973038420046,True,0.044023919812866574
8_29_380820,0.667,0.459797418754097,True,0.02386239961680159
8_29_380828,0.926,0.4678110185791227,True,0.07991417204066198
8_29_380883,0.754,0.291968799746466,True,0.037211636730786424
8_29_380917,0.402,0.40896372702783096,False,-0.014140154681552275
8_29_401179,0.683,0.4933626683865377,True,0.026272328976055914
8_29_401225,0.941,0.38513447174089976,True,0.08904725629373444
8_29_401233,0.331,0.47283777290131723,False,-0.025682058267775254
8_29_401254,0.681,0.3216976258670587,True,0.02599731556309337
8_29_401257,0.288,0.33407185883746954,False,-0.031357969845623
8_29_401263,0.717,0.4030371346891917,True,0.030983746950590474
8_29_401264,0.943,0.4616734105934892,True,0.08987059432436906
8_29_401269,0.553,0.3025281900556456,True,0.007706764860823667
8_29_401271,0.685,0.445554468114368,True,0.026490945646562847
8_29_401278,0.455,0.39609273183607374,False,-0.00611910509842617
8_29_401283,0.41,0.3567431980945977,False,-0.013462271075681764
8_29_401288,0.602,0.45350317525113343,True,0.013836261829807128
8_29_401293,0.446,0.3206296665172216,False,-0.007379195078153877
8_29_401300,0.827,0.2745178263439783,True,0.05313237161272133
8_29_401301,0.943,0.43960902867832147,True,0.08958453200546079
8_29_401310,0.992,0.29630299756223655,True,0.14263663950837369
8_29_401326,0.319,0.5491166782088263,False,-0.027198144724588813
8_29_401330,0.899,0.26377359053981986,True,0.07294899544520606
8_29_401334,0.414,0.43757755900604967,False,-0.012087346021048662
8_29_401336,0.608,0.185426617175348,True,0.014524687080088028
8_29_401348,0.806,0.45717652156102767,True,0.047376086730710365
8_29_401352,0.646,0.4052663666224912,True,0.019916061365692128
8_29_401354,0.595,0.26759554723503537,True,0.012888097844350632
8_29_401356,0.835,0.30900856933565235,True,0.05522911750470849
8_29_401363,0.88,0.39250530015415636,True,0.06684480638525125
8_29_401366,0.583,0.3404541569558747,True,0.011470047593447164
8_29_401369,0.94,0.31441300368484826,True,0.08708517668062754
8_29_401370,0.425,0.361962057095371,False,-0.010447272854273493
8_29_401376,0.762,0.27115900794497866,True,0.03811941565222632
8_29_401388,0.977,0.4944812201681215,True,0.11700041755452162
8_29_401391,0.699,0.4958329100611494,True,0.028729941763283917
8_29_401395,0.957,0.44053944962940633,True,0.09958495549399327
8_29_401402,0.341,0.30490353622195854,False,-0.023907178223183223
8_29_401413,0.836,0.36340884343009733,True,0.05558812169899596
8_29_401419,0.934,0.40377993469837187,True,0.08283575148930422
8_29_401448,0.491,0.437456035850782,False,-0.0013316716229989645
8_29_401456,0.445,0.4508582718023181,False,-0.007550391723602168
8_29_401461,0.512,0.4643337039780726,True,0.0014232464172935222
8_29_401475,0.932,0.2732030935268998,True,0.08135121113968169
8_29_401480,0.507,0.20377392275181022,True,0.0010981959856585233
8_29_401499,0.756,0.3414571449847561,True,0.037454561316560886
8_29_401523,0.359,0.2634393612698868,False,-0.020656864457723634
8_29_401530,0.852,0.38265892602015245,True,0.059761816768053144
8_29_401537,0.691,0.2832340412659531,True,0.02743848932378823
8_29_401553,0.369,0.2034998219653789,False,-0.01917843460396429
8_29_401560,0.357,0.4219319887826345,False,-0.02172792346946406
8_29_401582,0.336,0.3467262767618316,False,-0.024964450624365586
8_29_401597,0.411,0.37685687736311335,False,-0.013289075814457041
8_29_481765,0.734,0.4137456758734587,True,0.034197096453412956
8_29_481917,0.762,0.3063616071268619,True,0.03814911002480048
8_29_490111,0.922,0.3950976351183281,True,0.07887161134795351
8_29_490301,0.733,0.2692107317672192,True,0.03379832711362052
8_29_490326,0.737,0.23264185830227163,True,0.034457313061712846
8_29_490344,0.534,0.40572359705476957,True,0.004534701990689172
8_29_490380,0.744,0.2905258167490319,True,0.03551062971061203
8_29_490512,0.559,0.403951653021524,True,0.008483589929682678
8_29_490607,0.641,0.719174426894518,True,0.019239677598453353
8_29_490638,0.696,0.2421110909624162,True,0.028227591346918213
8_29_490644,0.146,0.21668884271253389,False,-0.05817407929564222
8_29_490657,0.824,0.20246009219531458,True,0.052358022760087275
8_29_490668,0.889,0.4139169499994108,True,0.06914267210264236
8_29_490678,0.932,0.41503369359480025,True,0.08136879671205755
8_29_490680,0.541,0.2277651052630135,True,0.0054027605304015625
8_29_490799,0.968,0.22321932473910808,True,0.10979132079267517
8_29_490826,0.357,0.4274935191532169,False,-0.021478346458358555
8_29_511321,0.855,0.48205293786965075,True,0.0605729294264713
8_29_511326,0.512,0.2578653226741207,True,0.0014761565922682962
8_29_511330,0.851,0.43334783349205663,True,0.05969744488861717
8_29_511335,0.993,0.4616441173254871,True,0.14433383286120116
8_29_511370,0.811,0.3856297833130707,True,0.04986102829337269
8_29_511375,0.878,0.44743437984674245,True,0.0663404510804696
8_29_511382,0.534,0.4033295333083712,True,0.004550714704430692
8_29_511426,0.826,0.34055047230727387,True,0.052916012670309986
8_29_511428,0.73,0.47825487824155544,True,0.03275817564828609
8_29_511429,0.725,0.7322488049659222,True,0.031953505522721914
8_29_511448,0.563,0.4152840799073219,True,0.009606236521007894
8_29_511484,0.196,0.5536172007995149,False,-0.04799249516186621
8_29_511506,0.793,0.23726143579745593,True,0.043745309289547674
8_29_511534,0.445,0.4913814552391284,False,-0.008190567491241696
8_29_511610,0.301,0.5956427293426559,False,-0.030265952542690933
8_29_511660,0.373,0.4501807291724465,False,-0.01801800393920283
8_29_590498,0.993,0.2434139938551537,True,0.14484547779062673
8_29_590582,0.936,0.20066433902847336,True,0.08422793472000567
8_29_591168,0.905,0.2725991406870132,True,0.07460901819808119
8_29_591231,0.937,0.194632003443342,True,0.08522692558893274
8_29_591250,0.881,0.15769168134965572,True,0.06711434737292543
8_29_591329,0.983,0.2554421826177178,True,0.12530136459470298
8_29_591530,0.999,0.24421026474696303,True,0.17906775072307224
8_29_591534,0.983,0.14399079834425343,True,0.12580446850714933
8_29_591559,0.968,0.28757892415911196,True,0.10815263629858374
8_29_591609,1.0,0.19488789655375377,True,0.1887709981461031
8_29_591617,0.797,0.14011497014144195,True,0.04500906026964879
8_29_591654,0.943,0.1954907861074307,True,0.08944578677259152
8_29_591655,0.419,0.18756542589960554,False,-0.011350667317444385
8_29_591658,0.746,0.3285040393204107,True,0.03623619035737935
8_29_591674,0.96,0.19211158915089954,True,0.10234344402971496
8_29_591680,0.853,0.23490611790151927,True,0.06016433331907822
8_29_591681,0.848,0.1632406819635741,True,0.059086294504588466
8_29_591696,0.812,0.2475950007560346,True,0.050825843350376765
8_29_591717,0.888,0.5884006768543727,True,0.06829853627802318
8_29_591737,0.949,0.1783922328387632,True,0.09572201803138025
8_29_600092,0.893,0.2819386487784235,True,0.07044415204306342
8_29_600140,0.932,0.18026544649049758,True,0.08184386899652452
8_29_600254,0.649,0.44791930760235454,True,0.021381851192870616
8_29_600261,0.857,0.29212647056555247,True,0.06081517198627684
8_29_600331,0.6,0.2192840513813533,True,0.013554778404552215
8_29_620873,0.845,0.2138996276138012,True,0.05790463140385149
8_29_620991,0.894,0.22383135708544255,True,0.07143322267292784
8_29_690145,0.991,0.2359903408712073,True,0.13658275109155305
8_29_700040,0.983,0.34684870959511577,True,0.12618689730684773
8_29_700065,0.936,0.39867243920878687,True,0.08452331725787465
8_29_700117,0.654,0.5334716671388189,True,0.022547834550276646
8_29_700196,0.945,0.2649744601937241,True,0.0912283972273702
8_29_731445,0.89,0.23013597272626082,True,0.06981333327490669
8_29_731451,0.621,0.19559975777766833,True,0.017189005083042996
8_29_740261,0.9,0.20004394230710423,True,0.07335540046910782
8_29_740431,0.994,0.16757406060952523,True,0.1502020230888924
8_29_740442,0.672,0.21017404436674073,True,0.024451827534529347
8_29_740447,1.0,0.2183426975472299,True,0.1883039742305962
8_29_740449,0.996,0.2494456850232963,True,0.16342597120379299
8_29_740454,0.888,0.26095853654899326,True,0.06893342507534594
8_29_740463,0.538,0.21556500035880424,True,0.004786548243329913
8_29_740507,0.935,0.26086756561401436,True,0.08345383101830395
8_30_1150455,0.048,0.3892221653811048,False,-0.09720604448321479
8_30_1150547,0.91,0.4029518521914837,True,0.07533969705023236
8_30_1170697,0.252,0.20990821484071945,False,-0.0375451525034578
8_30_1170754,0.731,0.4084679333157837,True,0.03347261805709578
8_30_1170799,0.092,0.30816826118810375,False,-0.07278067598878168
8_30_1170806,0.81,0.2513502750926844,True,0.04877062180972491
8_30_1170816,0.566,0.3834676536947186,True,0.009691818318406042
8_30_1170824,0.828,0.4842951101617247,True,0.053733494514229596
8_30_1170828,0.412,0.23676108834007736,False,-0.012776116766549661
8_30_1170849,0.492,0.3158841491735164,False,-0.001116645553105311
8_30_1170855,0.936,0.48351000103507624,True,0.08396478614623915
8_30_1170872,0.939,0.38537907346439554,True,0.0858728637663787
8_30_1170873,0.991,0.3505442803154755,True,0.13688940159587348
8_30_1170894,0.734,0.4603374427606101,True,0.033964346528827294
8_30_1170899,0.63,0.34731181663825106,True,0.01812123610368921
8_30_1170930,0.637,0.3611522351487171,True,0.018866784578654094
8_30_1170936,0.609,0.47381860975393764,True,0.014610516637346693
8_30_1170955,0.754,0.36190533002147757,True,0.037232418063045336
8_30_1170969,0.445,0.2816824494126032,False,-0.008129553564239611
8_30_1170971,0.948,0.2927817840792937,True,0.09366977173575641
8_30_1170973,0.619,0.37953350529774976,True,0.016812984006936094
8_30_1170983,0.903,0.4838650692079667,True,0.07387642034729791
8_30_1170999,0.888,0.33974754915346655,True,0.06860705065056216
8_30_1171002,0.931,0.45560480089831606,True,0.08113771525699887
8_30_1171009,0.943,0.4216572070990733,True,0.08988505115078682
8_30_1171011,0.936,0.3561698132221621,True,0.08406769846992568
8_30_1171024,0.767,0.43018776327579616,True,0.03897053872016776
8_30_1171036,0.806,0.2527505955860363,True,0.04707389755758906
8_30_1171068,0.565,0.28724027553090026,True,0.009674920831143963
8_30_1251717,0.945,0.4695194645414945,True,0.09092398396528101
8_30_1251840,0.738,0.2932340355302832,True,0.034795176458194854
8_30_1251915,0.754,0.2888327509695844,True,0.03736417545020876
8_30_1251949,0.665,0.2621471229692086,True,0.02346749682518634
8_30_1251953,0.678,0.4251725963809579,True,0.025309103020665913
8_30_1252033,0.173,0.21112978579536015,False,-0.05169240285395049
8_30_1252081,0.875,0.437122178372729,True,0.06479129992013011
8_30_1252092,0.605,0.276283058525249,True,0.014333042365625603
8_30_1252107,0.822,0.38965292142538466,True,0.0516801291181439
8_30_1252120,0.667,0.4284502454026578,True,0.023618710433425893
8_30_1252136,0.612,0.4418517926032521,True,0.015651186378920268
8_30_1252137,0.71,0.40747219877388186,True,0.03001026204403834
8_30_1252140,0.555,0.37473869443965857,True,0.008159119549749017
8_30_1252149,0.685,0.3069113453186257,True,0.026477648408277155
8_30_1252159,0.419,0.3881102560042151,False,-0.011403256483303759
8_30_1260180,0.726,0.4184036340187049,True,0.0322626272662504
8_30_1260182,0.765,0.2551833645303999,True,0.03874831393385203
8_30_1260258,0.338,0.2899599135510916,False,-0.024433173015687704
8_30_1260305,0.885,0.37256155283025777,True,0.06803678825943926
8_30_1260348,0.541,0.41454143536244065,True,0.0053377037195366794
8_30_1260351,0.336,0.4402183142353222,False,-0.024771887273303372
8_30_1260369,0.79,0.5187553775293334,True,0.04249000826291849
8_30_1260384,0.713,0.39905627120674525,True,0.030437152397831624
8_30_1260397,0.839,0.3582653990657353,True,0.056459731215345976
8_30_1260407,0.731,0.44337010791316595,True,0.03341757875905871
8_30_1260414,0.763,0.3691165698230349,True,0.03859699167458408
8_30_1260418,0.526,0.2500868559245975,True,0.0031817181175829434
8_30_1260419,0.91,0.24975422254770396,True,0.07624688706725347
8_30_1260420,0.413,0.3692000326878169,False,-0.012557559422133213
8_30_1260421,0.426,0.39789470830178864,False,-0.010211164754313495
8_30_1260438,0.876,0.37950121671768783,True,0.06574584086429414
8_30_1260439,0.678,0.4586706806838799,True,0.02525441181505028
8_30_1260447,0.315,0.6104023293464048,False,-0.027837479436866763
8_30_1260462,0.811,0.4445266721635749,True,0.04971889039666477
8_30_1260464,0.518,0.47775765751804866,True,0.002346063073148219
8_30_1260473,0.523,0.6326610263730441,True,0.002778347368954992
8_30_1260490,0.739,0.45219004087876724,True,0.03501159119002539
8_30_1260492,0.183,0.4727527712222905,False,-0.0499365310132216
8_30_1260497,0.259,0.3634999768184328,False,-0.036497430653698926
8_30_1260504,0.42,0.39886504651623844,False,-0.011274154644959067
8_30_1260519,0.353,0.6109193467949591,False,-0.02230639616646979
8_30_1260524,0.952,0.3918452016674521,True,0.09671456652425026
8_30_1260536,0.373,0.3572207172834962,False,-0.01774161250375661
8_30_1260538,0.768,0.3954585649660486,True,0.039037523239171645
8_30_1260547,0.852,0.3902714739780956,True,0.05973921293703077
8_30_1260552,0.84,0.31043069236207155,True,0.05670538016803284
8_30_1260557,0.733,0.38786990406539196,True,0.033821131505561874
8_30_1260588,0.489,0.359625500751869,False,-0.0016387990762434246
8_30_1260591,0.818,0.3060694005354358,True,0.05142182651219174
8_30_1260595,0.952,0.41395925126195066,True,0.09666386033205243
8_30_1260602,0.841,0.3907327588828646,True,0.05686509753991009
8_30_1260607,0.79,0.4996525272132444,True,0.04239115583393327
8_30_1260612,0.547,0.3791485146628637,True,0.00594942787757291
8_30_1260615,0.531,0.40976704637272304,True,0.004322948926623216
8_30_1260625,0.872,0.3775139272719531,True,0.06407888534854778
8_30_1260647,0.754,0.40431456136984784,True,0.037228007259666795
8_30_1260653,0.881,0.24338453675283198,True,0.06723899408438216
8_30_1260667,0.086,0.5802634047472098,False,-0.07638829651969692
8_30_1260685,0.619,0.39813199525898,True,0.01659156260946948
8_30_1260695,0.861,0.20156183676210582,True,0.06115482105114056
8_30_1260696,0.552,0.3839157221963494,True,0.007289366921812257
8_30_1260723,0.647,0.3719967463110474,True,0.02029908455510654
8_30_1260766,0.56,0.2898301897547695,True,0.009017697826099402
8_30_1261114,0.991,0.22567099080452346,True,0.13712611690142407
8_30_1272869,0.593,0.3595307249112751,True,0.0126304679018584
8_30_1280765,0.375,0.39473170864786766,False,-0.01718066714443145
8_30_1280938,0.069,0.30083923013010716,False,-0.08212679489047514
8_30_1280954,0.73,0.3281684975386431,True,0.03283519643849042
8_30_1281013,0.945,0.2909800652620005,True,0.0917600706916768
8_30_1281032,0.9,0.47961146511133385,True,0.07322401803294443
8_30_1281033,0.597,0.3758420349872267,True,0.013065256225533228
8_30_1281068,0.847,0.4109658242437062,True,0.0583886567683114
8_30_1281078,0.21,0.2056076885771922,False,-0.0458013249471092
8_30_1281084,0.944,0.35222117840811235,True,0.0903116499325809
8_30_1281087,0.268,0.36887144372950037,False,-0.0346912840129634
8_30_1281106,0.659,0.22915180965170628,True,0.02315297560375862
8_30_1281107,0.429,0.3010375245235084,False,-0.010045956806087553
8_30_1281124,0.762,0.40564242049179183,True,0.038333005918579244
8_30_1281125,0.932,0.3240712198402488,True,0.0816403675664048
8_30_1281126,0.399,0.3050047568873572,False,-0.014492617757922988
8_30_1281128,0.489,0.4284852523390926,False,-0.0016676138535067775
8_30_1281143,0.794,0.439161028196085,True,0.043948121689054376
8_30_1281153,0.933,0.3779976539348166,True,0.08221449048468066
8_30_1281164,0.602,0.34817251669160987,True,0.013790454270354968
8_30_1281169,0.903,0.24909015703370127,True,0.07388847446733415
8_30_1281170,0.551,0.3880134942527813,True,0.006830583111166799
8_30_1281174,0.389,0.3636705424115504,False,-0.015380596844904337
8_30_1281214,0.56,0.3796102184101531,True,0.009167425967974485
8_30_1281219,0.983,0.4011064355048868,True,0.1252493853358445
8_30_1281220,0.847,0.534543717807219,True,0.05838359902838508
8_30_1281222,0.847,0.3779816325023365,True,0.05860973853974327
8_30_1281240,0.805,0.5007941683107742,True,0.046901320518990985
8_30_1281242,0.649,0.4373154469077231,True,0.020784341219038716
8_30_1281246,0.528,0.39709853777110166,True,0.003408805446816654
8_30_1281253,0.853,0.4796633163143485,True,0.06008818403250615
8_30_1281257,0.725,0.3217718343183633,True,0.031659410650471176
8_30_1281264,0.649,0.20008621533866297,True,0.02067661092703399
8_30_1281265,0.624,0.3066285947283833,True,0.017515596316655446
8_30_1281266,0.786,0.2331920190174512,True,0.04199894966827189
8_30_1281269,0.957,0.2615853628987494,True,0.10083283251623565
8_30_1281276,0.797,0.4068002606257075,True,0.045001688911879056
8_30_1281277,0.81,0.41845566877997553,True,0.04810802868446995
8_30_1281278,0.811,0.26945644624670395,True,0.05013657429873797
8_30_1281285,0.811,0.4699656496371836,True,0.04944982613918125
8_30_1281289,0.836,0.3211209333200468,True,0.05541721589054116
8_30_1281292,0.894,0.2827124399759505,True,0.07136871175631909
8_30_1281303,0.552,0.5814951748105859,True,0.007506895604849628
8_30_1281319,0.983,0.3520615435602504,True,0.12597492024943446
8_30_1281328,0.331,0.30245871930573764,False,-0.025726759073071648
8_30_1281350,0.899,0.4357032421964297,True,0.07302842575135815
8_30_1361581,0.696,0.411190527562359,True,0.028183842705999385
8_30_1361601,0.913,0.334312751375226,True,0.07674211224950667
8_30_1361631,0.386,0.23653186897781986,False,-0.016108084848188042
8_30_1361642,0.995,0.3951780838295579,True,0.15248350003104616
8_30_1361656,0.373,0.2286819895428822,False,-0.018661248220094295
8_30_1370197,0.994,0.19230628155979018,True,0.15018407483003182
8_30_1370244,0.994,0.2628849096683247,True,0.15058506894001922
8_30_1370288,0.913,0.2059854428547478,True,0.07658385378111865
8_30_1370309,0.918,0.23618781483131457,True,0.07813761014333886
8_30_1370344,0.983,0.30530197428977607,True,0.1261438650883716
8_30_1370354,0.986,0.30951934944228815,True,0.12796906477085102
8_30_1370355,0.888,0.25899248975189537,True,0.06900377842435834
8_30_1370364,0.806,0.3116208720111785,True,0.04741842463218593
8_30_1470449,0.994,0.39558260872215717,True,0.15004829153238086
8_30_1470506,0.952,0.33110008642780636,True,0.09747705304942611
8_30_1470586,0.921,0.23460491022787272,True,0.07881094006558165
8_30_1470612,0.991,0.29917233984874575,True,0.1385691125135562
8_30_1470663,0.948,0.24362417042516044,True,0.09376930680904472
8_30_1471596,0.327,0.4720212324762943,False,-0.026419430391619647
8_30_1471600,0.962,0.19900167510811256,True,0.10362174190945206
8_30_1480245,0.991,0.21876254440845322,True,0.13950458806698696
8_30_1510612,0.981,0.23282382824165937,True,0.12245774141445975
8_30_1510636,0.965,0.4649563442153514,True,0.1048435404431538
8_30_1510731,0.987,0.27385937580326086,True,0.13127481606497682
8_30_1510736,0.552,0.356257631999011,True,0.007268381301934523
8_31_1991049,0.842,0.4127671812700463,True,0.05706041581281618
8_31_2090884,0.531,0.1940579298360197,True,0.003975468277546912
8_31_2090902,0.177,0.4173280654752388,False,-0.051031011143336746
8_31_2090907,0.918,0.41955174507997645,True,0.07786331843658012
8_31_2090936,0.795,0.19727506780299622,True,0.044116862556192404
8_31_2090946,0.698,0.21544992725800108,True,0.02861534444245395
8_31_2090951,0.308,0.4521167737648786,False,-0.029104950813942487
8_31_2090975,0.847,0.40124140320571855,True,0.0586262177771697
8_31_2091013,0.725,0.40845587015148554,True,0.03170354089192606
8_31_2091015,0.248,0.772545288904121,False,-0.03801832930191651
8_31_2091023,0.973,0.37112646076251077,True,0.11336598928385855
8_31_2091029,0.957,0.21811122647992287,True,0.09955504850284591
8_31_2091039,0.224,0.39068891400640726,False,-0.04201541525944119
8_31_2091040,0.491,0.37153268009375623,False,-0.0015316081418306204
8_31_2091047,0.888,0.40308456460188374,True,0.06831161281997156
8_31_2091062,0.448,0.6048641300571516,False,-0.0069652549140788445
8_31_2091068,0.808,0.392783083675118,True,0.04807054362045515
8_31_2091078,0.567,0.4578486936671979,True,0.009959725269927278
8_31_2091083,0.81,0.3584958722730516,True,0.04892409432012501
8_31_2091085,0.464,0.32809449669939333,False,-0.004669445217653001
8_31_2091102,0.893,0.44530605984667354,True,0.07033742861990577
8_31_2091113,0.854,0.34241777889239056,True,0.06039734185899792
8_31_2091120,0.77,0.2865161833193472,True,0.03962078401867508
8_31_2091124,0.982,0.2907983851293574,True,0.12318494820251791
8_31_2091125,0.903,0.5440224890965787,True,0.0738897801104339
8_31_2091126,0.588,0.7402070049734965,True,0.012201803863158167
8_31_2091132,0.876,0.4155605275954369,True,0.06567574239751395
8_31_2091136,0.282,0.3510508507503348,False,-0.03194127210036868
8_31_2091142,0.802,0.3732453204490742,True,0.04647857124986621
8_31_2091149,0.667,0.4918731454571379,True,0.023881898394567558
8_31_2091163,0.264,0.4669404810115178,False,-0.03583876205053049
8_31_2091170,0.691,0.40410768554178084,True,0.02745306886588006
8_31_2091171,0.834,0.40848247156258566,True,0.05470777141343175
8_31_2091173,0.445,0.28674499043669927,False,-0.007752199159780648
8_31_2091174,0.971,0.46817784090714937,True,0.11260571886475623
8_31_2091175,0.869,0.4264863307394907,True,0.0628044033958437
8_31_2091178,0.699,0.38293936462054984,True,0.02883789314024987
8_31_2091185,0.827,0.42563595444342184,True,0.053447331414456234
8_31_2091195,0.875,0.2969691860083312,True,0.06543579632625662
8_31_2091225,0.587,0.4092762650339774,True,0.01195955858298392
8_31_2091230,0.849,0.3545554367333092,True,0.05936818102110697
8_31_2091231,0.81,0.34937121724222464,True,0.04870982227125076
8_31_2091237,0.948,0.3282322018042222,True,0.0949704583111598
8_31_2091238,0.746,0.4322848055137752,True,0.0364744963863729
8_31_2091248,0.553,0.2805821991095987,True,0.007754010310904391
8_31_2091257,0.925,0.47148214675768124,True,0.07964551519792895
8_31_2091285,0.538,0.44182323679457386,True,0.004810096143617715
8_31_2091286,0.851,0.3617164579548615,True,0.05946831009973752
8_31_2091297,0.617,0.4563965985853323,True,0.01631718223622336
8_31_2091298,0.872,0.438409728773337,True,0.06374958724476176
8_31_2091300,0.893,0.4028171090243132,True,0.07044982054306215
8_31_2091303,0.579,0.29793064733953306,True,0.010979973233468887
8_31_2091307,0.834,0.25279020879104785,True,0.05478298972125717
8_31_2091311,0.738,0.36866729201467124,True,0.03482903849072383
8_31_2091312,0.206,0.5257684639557344,False,-0.04642089931577176
8_31_2091316,0.534,0.25597340258466933,True,0.004582684915349411
8_31_2091324,0.214,0.3999402306763185,False,-0.04478810642799602
8_31_2091336,0.636,0.4030197924245654,True,0.018760504461913574
8_31_2091339,0.493,0.3546126710424172,False,-0.0005260665915853835
8_31_2091345,0.849,0.44419288735918905,True,0.059398371244872794
8_31_2091351,0.681,0.6023301402319788,True,0.02600165707152735
8_31_2091352,0.746,0.4384588894300443,True,0.0364273771021677
8_31_2091359,0.936,0.43695110699950124,True,0.08465105127362027
8_31_2091360,0.529,0.2846098817343719,True,0.0036252764891218092
8_31_2091361,0.549,0.2650163201331314,True,0.006612054199217066
8_31_2091369,0.249,0.4872109626127775,False,-0.03773346047665105
8_31_2091386,0.538,0.2686885066904416,True,0.004751576975054461
8_31_2091390,0.889,0.3674439447540013,True,0.06932491035997035
8_31_2091403,0.903,0.2932061501308213,True,0.07362982185722466
8_31_2091406,0.89,0.44761052101642557,True,0.06988802222312585
8_31_2091419,0.97,0.368489662523505,True,0.11149971504553102
8_31_2091430,0.705,0.5561268503042665,True,0.02955078329667049
8_31_2091431,0.73,0.4537732957113953,True,0.033192778878949
8_31_2091443,0.91,0.3992798491619513,True,0.0755074451864226
8_31_2091456,0.773,0.4441788261983457,True,0.04023422925720044
8_31_2091464,0.086,0.39191453493162376,False,-0.07634749255585427
8_31_2091477,0.957,0.4103777979932792,True,0.0990370625750131
8_31_2091483,0.579,0.3896256493862668,True,0.010882592046200235
8_31_2091500,0.748,0.38666917300709325,True,0.03666470650021747
8_31_2091501,0.839,0.4257228685126616,True,0.056604984019940296
8_31_2091504,0.234,0.4530696345948565,False,-0.0407930683599349
8_31_2091530,0.373,0.40281251699779136,False,-0.01789885149117354
8_31_2091550,0.488,0.2825357183537253,False,-0.0018179085618921231
8_31_2091584,0.636,0.38790981051250895,True,0.01879107426528326
8_31_2091612,0.086,0.44504210895510116,False,-0.07620179472017652
8_31_2091633,0.647,0.35361856579518225,True,0.02032338545878909
8_31_2112090,0.762,0.2607237093517736,True,0.03833549058236818
8_31_2112181,0.725,0.31929635679208684,True,0.03212953548353403
8_31_2112182,0.725,0.4162667182398403,True,0.0319779833614533
8_31_2112186,0.697,0.4195378567957906,True,0.028520664758075243
8_31_2112234,0.503,0.46962946356040236,True,0.0004740991909881753
8_31_2112254,0.888,0.5312011671319515,True,0.06856634548350848
8_31_2112266,0.927,0.39387600457908756,True,0.08037624546748146
8_31_2112269,0.224,0.42131973042559756,False,-0.042139687181796726
8_31_2112280,0.757,0.4923255511351353,True,0.03763251935580225
8_31_2112282,0.639,0.32155731276471494,True,0.019025815376929378
8_31_2112284,0.567,0.5664551782864522,True,0.010059497402972517
8_31_2112289,0.331,0.352160519192264,False,-0.025573601607060237
8_31_2112292,0.81,0.3855247491931354,True,0.049125856566125226
8_31_2112293,0.983,0.4046880593128605,True,0.12364505275023718
8_31_2112294,0.464,0.3934141704813383,False,-0.004614557985721746
8_31_2112295,0.373,0.30668699450606074,False,-0.018691450168583756
8_31_2112311,0.647,0.42568595769897616,True,0.020251197807671817
8_31_2112313,0.875,0.4547333953207579,True,0.06547584915704285
8_31_2112318,0.914,0.3202137529572014,True,0.07715056492331385
8_31_2112327,0.888,0.2818390754005128,True,0.068927331753881
8_31_2112336,0.939,0.36927573381254153,True,0.0860208225417769
8_31_2112338,0.286,0.43209292803855887,False,-0.031619405057279115
8_31_2112345,0.388,0.23564185308617744,False,-0.015505342551337398
8_31_2112346,0.488,0.5053804484461996,False,-0.002114383303220446
8_31_2112354,0.744,0.34331058243960977,True,0.03553359964033165
8_31_2112358,0.659,0.2246889622193056,True,0.023237611241221146
8_31_2112370,0.875,0.40583850536519,True,0.06511729060526672
8_31_2112374,0.889,0.49764884977501184,True,0.06914097726018897
8_31_2112381,0.848,0.3889531921519457,True,0.05919335116752633
8_31_2112386,0.672,0.29724828810662696,True,0.02440734192246874
8_31_2112387,0.881,0.2687349435450734,True,0.0674461005194299
8_31_2112397,0.643,0.5616795536187893,True,0.019683372223635254
8_31_2112401,0.694,0.3546958297396028,True,0.027808296005815913
8_31_2112415,0.224,0.25453317216481136,False,-0.042176305054483
8_31_2112419,0.94,0.35069118295401464,True,0.08894689893124874
8_31_2112425,0.777,0.3770356386573877,True,0.04079414584193819
8_31_2112428,0.725,0.40824270552401243,True,0.03201399028044405
8_31_2112432,0.432,0.4918341379455636,False,-0.00961237000228321
8_31_2112433,0.333,0.2679526332481769,False,-0.02526445336575822
8_31_2112440,0.94,0.3777403687604026,True,0.08774630262043093
8_31_2112445,0.379,0.49900502674837854,False,-0.01685961210738407
8_31_2112446,0.6,0.7161613913609937,True,0.013593223858568981
8_31_2112460,0.881,0.4420399664782801,True,0.06748632254048847
8_31_2112461,0.375,0.46708484855540156,False,-0.017445517090653784
8_31_2112463,0.967,0.21126013211306685,True,0.10543448931691879
8_31_2112465,0.488,0.3133719341710022,False,-0.0019110772755719374
8_31_2112470,0.801,0.33756088126021006,True,0.04573579101324354
8_31_2112473,0.617,0.30475909191612627,True,0.01650033712306742
8_31_2112484,0.255,0.36331582243059707,False,-0.03736989101823185
8_31_2112494,0.73,0.3881672672885996,True,0.0329095067431725
8_31_2112496,0.889,0.3369923499522876,True,0.0696042095859628
8_31_2112509,0.738,0.3544995971396158,True,0.034859419117803325
8_31_2112512,0.791,0.27863980165574354,True,0.0435913486595193
8_31_2112517,0.77,0.3929186835847689,True,0.03966462848933461
8_31_2112528,0.726,0.39462873533629433,True,0.03232998165035095
8_31_2112550,0.802,0.37170817107644355,True,0.04644520459098922
8_31_2112554,0.923,0.4117666237747054,True,0.07928481538153354
8_31_2112583,0.771,0.4400170126066491,True,0.03980974551617644
8_31_2112604,0.214,0.21678932989861663,False,-0.0447904400561705
8_31_2181906,0.745,0.22858791374337006,True,0.03558151062525827
8_31_2181911,0.968,0.26403976024676057,True,0.10683256615602521
8_31_2190212,0.815,0.3046994939830476,True,0.05118669316039848
8_31_2190215,0.947,0.28234003166422295,True,0.09342387997701274
8_31_2190250,0.073,0.7322193242377053,False,-0.08096343515331705
8_31_2190280,0.55,0.2522693647403677,True,0.006682466103564155
8_31_2190302,0.586,0.3957550350360972,True,0.011618777734853536
8_31_2190384,0.945,0.33075768756416374,True,0.0911818596498617
8_31_2190454,0.756,0.28912510423700705,True,0.03756595006229657
8_31_2190786,0.685,0.16531223187676763,True,0.026539020463090313
8_31_2190822,0.305,0.29873341090928734,False,-0.029507220933948863
8_31_2190860,0.138,0.6282897965083084,False,-0.05938553064091834
8_31_2191269,0.089,0.14901428012719176,False,-0.07477622017145924
8_31_2211464,0.674,0.4063228353961358,True,0.02476190594387584
8_31_2211683,0.517,0.38650966453475116,True,0.002302508144014115
8_31_2280505,0.996,0.19977782390656906,True,0.1654866825480159
8_31_2280638,0.97,0.2359218130788968,True,0.11011922256808826
8_31_2280714,0.957,0.25387341240267164,True,0.09909669337370774
8_31_2280718,0.971,0.3479254852148868,True,0.11261465593697417
8_31_2280733,0.97,0.20224071389193748,True,0.11049768698581774
8_31_2280774,0.961,0.30034094590964583,True,0.10305277288920678
8_31_2280820,0.918,0.2861599418489939,True,0.07797891458397765
8_31_2280832,0.952,0.2134985380935152,True,0.09731735820927923
8_31_2281038,0.739,0.17724451870726265,True,0.03498250004527914
8_31_2290175,0.883,0.2582589416838532,True,0.06761065201401117
8_31_2290195,0.465,0.39657781134814174,False,-0.004444000210514387
8_31_2310879,0.878,0.1993514989662145,True,0.06633484114270882
8_31_2310932,0.706,0.3846136820170354,True,0.0297274475785555
8_31_2420360,0.738,0.251428172884823,True,0.03476564511845792
8_32_2720723,0.007,0.7451898322367313,False,-0.14369682281079887
8_32_2720845,0.056,0.9672646084024311,False,-0.09003184659718366
8_32_2720868,0.434,0.37193585757791137,False,-0.009355266795583406
8_32_2830306,0.166,0.4804682667679539,False,-0.05389708892009648
8_32_2830333,0.936,0.2895350853087754,True,0.08427572985899745
8_32_2830334,0.986,0.39328058238480534,True,0.12756699106999636
8_32_2830342,0.737,0.39472250152262106,True,0.03440735746175361
8_32_2830356,0.677,0.284371469693973,True,0.02501211978439033
8_32_2830362,0.958,0.45157924769222924,True,0.1015936869818913
8_32_2830397,0.81,0.37830693710779145,True,0.048654444366857175
8_32_2830407,0.822,0.3715029217862003,True,0.051836086087139854
8_32_2830412,0.903,0.3311431996417595,True,0.07390821079615639
8_32_2830413,0.697,0.46553107097347846,True,0.028544262467289805
8_32_2830416,0.506,0.33144085489926706,True,0.0007674349537908354
8_32_2830429,0.73,0.5020729887465558,True,0.0327975073134984
8_32_2830438,0.9,0.4582035384254899,True,0.07333106942543066
8_32_2830446,0.947,0.4557110638435266,True,0.09322754572961722
8_32_2830476,0.402,0.2573559072150629,False,-0.01406534901377654
8_32_2830481,0.845,0.2003616076542109,True,0.057785507099570976
8_32_2830482,0.76,0.3835231917186323,True,0.037984137240082316
8_32_2830488,0.812,0.35875983335802997,True,0.05067571419525363
8_32_2830497,0.791,0.4589885941366994,True,0.04304682127635795
8_32_2830506,0.764,0.40765164661460246,True,0.03868378001786421
8_32_2830516,0.825,0.398634280208362,True,0.05247805069465861
8_32_2830536,0.373,0.42321506823436555,False,-0.01829351700157944
8_32_2830537,0.563,0.38504919158330486,True,0.009501332042260668
8_32_2830539,0.81,0.22844888053629367,True,0.049050227563182225
8_32_2830542,0.799,0.42664242996121177,True,0.0453141738544619
8_32_2830546,0.811,0.2397145937077706,True,0.04955779591376652
8_32_2830548,0.547,0.388731836944447,True,0.006240430716808576
8_32_2830561,0.94,0.3654713239670569,True,0.08877120339865952
8_32_2830563,0.448,0.3621921341641887,False,-0.006976960069267069
8_32_2830567,0.94,0.25473798621732,True,0.08644039831152162
8_32_2830568,0.741,0.40897611724523253,True,0.03519614932281678
8_32_2830569,0.249,0.3207048231240183,False,-0.03778121308220994
8_32_2830577,0.705,0.3811032987169131,True,0.029591959426150005
8_32_2830578,0.694,0.44316223271875543,True,0.02784897364297556
8_32_2830579,0.333,0.3404797540998915,False,-0.02542725488828146
8_32_2830587,0.417,0.33042316565211155,False,-0.01163028979020475
8_32_2830590,0.971,0.42023967487250685,True,0.11246847780439961
8_32_2830592,0.872,0.35054245879793217,True,0.0638088523268896
8_32_2830605,0.709,0.4502859333237818,True,0.029862954318210733
8_32_2830610,0.586,0.5201332439263776,True,0.011591177217444293
8_32_2830616,0.919,0.3739449828910953,True,0.07820772769330397
8_32_2830617,0.88,0.3681950317324647,True,0.06688538980849501
8_32_2830619,0.922,0.490950393790574,True,0.07895320571499553
8_32_2830621,0.933,0.45951594569216797,True,0.0822172314787607
8_32_2830622,0.256,0.394430889367333,False,-0.03726850990268882
8_32_2830629,0.745,0.36091438098521295,True,0.03594349585664813
8_32_2830633,0.73,0.3512752276879264,True,0.0328076578912897
8_32_2830638,0.348,0.3903071684244656,False,-0.023384314602033385
8_32_2830646,0.802,0.3515617153668461,True,0.046031824274930355
8_32_2830649,0.875,0.316956724448476,True,0.06520390350862115
8_32_2830650,0.957,0.38472812443177834,True,0.10072359256658214
8_32_2830652,0.485,0.3041752740084057,False,-0.0022921231258421493
8_32_2830656,0.952,0.44140534233456336,True,0.09655884941338289
8_32_2830665,0.547,0.32067205638113894,True,0.006149972218750133
8_32_2830666,0.823,0.42003577202895886,True,0.05202260931005864
8_32_2830667,0.256,0.4142183425525649,False,-0.0372128973407706
8_32_2830673,0.269,0.4517319729665128,False,-0.03411143471930589
8_32_2830682,0.744,0.3593444816188712,True,0.03545310431045412
8_32_2830687,0.187,0.42536956232416445,False,-0.049477621502305835
8_32_2830691,0.898,0.39544427992625897,True,0.07280282711307129
8_32_2830694,0.88,0.40378663933273723,True,0.06697310455649907
8_32_2830707,0.725,0.42817293989760485,True,0.032070683746909356
8_32_2830709,0.191,0.22585697478164954,False,-0.048765036718006805
8_32_2830711,0.983,0.37349096574493645,True,0.12578590712382964
8_32_2830715,0.872,0.32646267014701635,True,0.064003452535073
8_32_2830717,0.934,0.31566535280493496,True,0.08291287606701236
8_32_2830718,0.19,0.20955516145995629,False,-0.04903609532436848
8_32_2830743,0.327,0.427754748434862,False,-0.026460078965312883
8_32_2830746,0.582,0.4532640456716117,True,0.011272060588265576
8_32_2830753,0.481,0.3980516563819026,False,-0.002595689021342551
8_32_2830761,0.737,0.2706994694424385,True,0.03442140816195893
8_32_2830773,0.594,0.4860070731748043,True,0.012749000315146586
8_32_2830801,0.611,0.33459192947114974,True,0.015074247105985372
8_32_2830802,0.617,0.4075467270756212,True,0.01608516173445884
8_32_2830809,0.81,0.36602844105254834,True,0.048577884652288406
8_32_2830813,0.37,0.4694755604254671,False,-0.01890016982731324
8_32_2830816,0.358,0.41231075396978095,False,-0.021229292480591022
8_32_2851101,0.602,0.4945902959478643,True,0.013903542874945107
8_32_2851172,0.45,0.36233867045474044,False,-0.0067024795546124505
8_32_2851239,0.735,0.384041026952155,True,0.03425510263246634
8_32_2851259,0.656,0.36571816801724893,True,0.022761532086902014
8_32_2851268,0.432,0.3895167744550668,False,-0.00971643380868703
8_32_2851274,0.6,0.3874262843597834,True,0.01344205931183906
8_32_2851289,0.957,0.3784988690082558,True,0.10058265210986528
8_32_2851292,0.958,0.5146843544054448,True,0.1015128732042131
8_32_2851306,0.617,0.3422417304980227,True,0.016324765799349494
8_32_2851316,0.948,0.3882858540116226,True,0.09396086249397495
8_32_2851335,0.812,0.4305159251082146,True,0.05093046082199015
8_32_2851340,0.617,0.37097873220237565,True,0.016173940315409863
8_32_2851361,0.78,0.39706987258192417,True,0.04116194949005303
8_32_2851364,0.463,0.36853432084207094,False,-0.00496125006115844
8_32_2851370,0.791,0.2322829657114543,True,0.04308554770008288
8_32_2851372,0.775,0.27812030170983976,True,0.040490469278520624
8_32_2851378,0.548,0.4678666193734029,True,0.006561790319879246
8_32_2851381,0.681,0.33722969231803457,True,0.025821765650717476
8_32_2851393,0.831,0.2042657287993036,True,0.054008925687627274
8_32_2851410,0.725,0.37205681615571373,True,0.03174315485121515
8_32_2851415,0.81,0.4044515438108166,True,0.04874839963021671
8_32_2851422,0.567,0.3904351704289757,True,0.009891275322652993
8_32_2851423,0.718,0.5031593858837584,True,0.031064384424189906
8_32_2851436,0.557,0.5136091208637887,True,0.008368447271040358
8_32_2851443,0.854,0.4060215735424553,True,0.060391015530727676
8_32_2851453,0.052,0.4397911952190755,False,-0.09280689317207469
8_32_2851457,0.169,0.22304593777464027,False,-0.05280894946328596
8_32_2851458,0.94,0.30443964090816117,True,0.08887516388568806
8_32_2851463,0.948,0.2792558633113833,True,0.09493273484734233
8_32_2851472,0.992,0.30294016797532736,True,0.1414807685365428
8_32_2851482,0.609,0.438704710831578,True,0.014687591395910915
8_32_2851485,0.506,0.4264978848811111,True,0.0010068620719076993
8_32_2851488,0.512,0.3168023848203077,True,0.0016314715665607382
8_32_2851499,0.889,0.4673696559151031,True,0.06971311493285781
8_32_2851507,0.282,0.44263913172836,False,-0.03191945351342729
8_32_2851526,0.055,0.4415742131987954,False,-0.09172248897212887
8_32_2851535,0.224,0.36928892301819555,False,-0.042231301359158424
8_32_2851539,0.353,0.38652028806128874,False,-0.02240235476137742
8_32_2851549,0.893,0.5338549787967293,True,0.07061007660198093
8_32_2851559,0.268,0.4112033045306142,False,-0.03444349583134665
8_32_2851571,0.754,0.3698482992639264,True,0.03731632553028741
8_32_2851576,0.617,0.2642512082927401,True,0.016244482019022954
8_32_2851579,0.885,0.2152236275674676,True,0.06790108352441881
8_32_2851589,0.167,0.41399392357840004,False,-0.05330837323322868
8_32_2851592,0.373,0.3909959998046346,False,-0.018535296692470116
8_32_2851611,0.619,0.3030304105186844,True,0.017031265183507505
8_32_2851640,0.535,0.3967272406316914,True,0.0046390715518014325
8_32_2851778,0.939,0.769826608627726,True,0.0858998107700526
8_32_2932007,0.724,0.298286876771192,True,0.03150983591299106
8_32_2940212,0.462,0.30975124864029113,False,-0.004995694709538423
8_32_2940328,0.847,0.3763981548188469,True,0.05835610400241731
8_32_2940349,0.338,0.21926553804394897,False,-0.024255515135634065
8_32_2940470,0.694,0.325445995400939,True,0.02788318069982454
8_32_2940517,0.872,0.3604886965232643,True,0.06411627193268676
8_32_2940627,0.887,0.36461453621115225,True,0.0682393384794786
8_32_2940679,0.302,0.253013514891368,False,-0.03012303848820741
8_32_2940792,0.918,0.42249162737181645,True,0.07815955897273807
8_32_2940818,0.88,0.2232804717838091,True,0.06686713638670316
8_32_2940933,0.936,0.3175207643387759,True,0.08412549693828275
8_32_2940944,0.94,0.5470028160088347,True,0.08704097260459343
8_32_2960783,0.695,0.35367644102353674,True,0.0281502783811427
8_32_2960793,0.76,0.2738657172953266,True,0.03800920965839316
8_32_2961313,0.79,0.3362770421182259,True,0.042841395782677316
8_32_3040703,0.859,0.395018621934135,True,0.060938143730155714
8_32_3040745,0.936,0.35293696309558986,True,0.08453681638570532
8_32_3040905,1.0,0.2728868071085224,True,0.2062912262566342
8_32_3040986,0.999,0.21109811956391497,True,0.1814424347526178
8_32_3050283,0.812,0.21876305921278205,True,0.05086417739084281
8_32_3050306,0.935,0.2950694688893839,True,0.08347659936792029
8_32_3050448,0.619,0.21196051583182116,True,0.016825479275258792
8_32_3070917,0.806,0.24476090103908107,True,0.04704487007598668
8_32_3071010,0.993,0.2252887883319325,True,0.14416952076101486
8_32_3071016,0.513,0.29118646263229886,True,0.0016586636459806625
8_32_3071039,0.948,0.2347808159421484,True,0.09513774088751847
8_32_3080241,0.898,0.4685726640195158,True,0.07275548956922218
8_32_3080256,0.311,0.2320512960058003,False,-0.028558748267523804
8_32_3080260,0.889,0.2569342895042057,True,0.06974560505525329
8_32_3150080,0.811,0.3585456331256737,True,0.05032246864609058
8_32_3180845,0.993,0.2535355857019817,True,0.14630920939496128
9_33_350956,0.278,0.5604114376356979,False,-0.0330415376833495
9_33_380332,0.589,0.444669842377062,True,0.012394126794495142
9_33_380341,0.704,0.40969311354851146,True,0.02940795014181985
9_33_380367,0.9,0.4573520819212977,True,0.073317403457552
9_33_380372,0.324,0.7182053536316131,False,-0.02670045297159218
9_33_380396,0.856,0.45085511804947837,True,0.0606810781452114
9_33_380403,0.578,0.3360396317166683,True,0.010683293413372374
9_33_380414,0.833,0.40707412251374264,True,0.05458225379159354
9_33_380438,0.315,0.41183515951634064,False,-0.027760098185162896
9_33_380454,0.33,0.2852090262666249,False,-0.02583129167743392
9_33_380461,0.497,0.21385067848336853,False,-0.0002847393345384308
9_33_380464,0.729,0.25925662032980457,True,0.03241683847436483
9_33_380467,0.836,0.38703711448261785,True,0.05537271019114043
9_33_380485,0.995,0.39328522445915604,True,0.15422614925909695
9_33_380494,0.939,0.37463430869156594,True,0.0860445893974966
9_33_380503,0.834,0.47596293843445064,True,0.054988009222127765
9_33_380504,0.243,0.43914226447978716,False,-0.03896693244053262
9_33_380507,0.73,0.4205962194236947,True,0.03284637175540639
9_33_380510,0.948,0.4602874187073969,True,0.09387169366858983
9_33_380515,0.968,0.49391413737539547,True,0.10643681334069566
9_33_380518,0.98,0.41284038210149027,True,0.12189310574731094
9_33_380527,0.806,0.3700893558515534,True,0.047338794117667615
9_33_380569,0.979,0.490893715449563,True,0.1191766655076687
9_33_380576,0.202,0.3400722369143698,False,-0.04702299602165039
9_33_380582,0.768,0.45501642496932226,True,0.039013860874299255
9_33_380584,0.617,0.2541515856996238,True,0.016269642096657932
9_33_380586,0.81,0.3987919657590085,True,0.04871996207521356
9_33_380593,0.893,0.38325567543839856,True,0.07045802908381893
9_33_380599,0.282,0.4599050543803569,False,-0.03189140971660587
9_33_380605,0.619,0.26495849170192504,True,0.016647549899177938
9_33_380608,0.797,0.3768372943589707,True,0.045232469215723436
9_33_380609,0.672,0.4037670898679925,True,0.024356223388472542
9_33_380611,0.572,0.4074784005034797,True,0.010232481931352622
9_33_380619,0.817,0.4156614888218758,True,0.05125356289975036
9_33_380621,0.94,0.45881527655959137,True,0.08650556658749287
9_33_380623,0.971,0.3909208845794506,True,0.11250589973534664
9_33_380642,0.864,0.4737523801714907,True,0.061901298590488096
9_33_380645,0.953,0.20793904598342663,True,0.09776690963086965
9_33_380646,0.94,0.496141688361378,True,0.08634002236677696
9_33_380657,0.445,0.3535026173125293,False,-0.007909718286082557
9_33_380663,0.853,0.3844778792881978,True,0.05995286220787632
9_33_380665,0.899,0.4125090221218308,True,0.07302378015139221
9_33_380667,0.679,0.36696579894383446,True,0.0254556469000754
9_33_380668,0.463,0.42343107777470235,False,-0.004868143679333636
9_33_380679,0.438,0.2807739367873951,False,-0.008960786938817522
9_33_380685,0.848,0.3868461857480348,True,0.059275733681038445
9_33_380691,0.066,0.44222448771211614,False,-0.08483742925549032
9_33_380693,0.656,0.5148253955241602,True,0.022784890913122968
9_33_380694,0.741,0.3521070775232779,True,0.0352235039515123
9_33_380697,0.919,0.4720238290619477,True,0.07820711290109861
9_33_380704,0.373,0.5382554771292061,False,-0.017696258051618452
9_33_380706,0.357,0.37006817452756063,False,-0.021709815323974313
9_33_380707,0.791,0.3006095070331548,True,0.0434028464309586
9_33_380724,0.934,0.4048247513698129,True,0.08327573719238612
9_33_380727,0.678,0.395852358220327,True,0.02527096911000637
9_33_380740,0.395,0.22120369858844072,False,-0.014825320508518258
9_33_380763,0.087,0.41273117821948613,False,-0.07567197196716635
9_33_380773,0.786,0.41339890324732975,True,0.04206933312308225
9_33_380774,0.117,0.44249401153022455,False,-0.06510457801377778
9_33_380784,0.605,0.4593825420625593,True,0.014337108155130451
9_33_380793,0.79,0.4040600857623751,True,0.04265297000181212
9_33_380831,0.457,0.6056195232942582,False,-0.005578512524434753
9_33_380843,0.353,0.2854917037721624,False,-0.022260032128590623
9_33_380847,0.212,0.25099670372686606,False,-0.045368676654276685
9_33_380851,0.322,0.4481268338858811,False,-0.02702904547671303
9_33_381099,0.797,0.3955576698036422,True,0.04484999642424914
9_33_392045,0.111,0.7569998080938354,False,-0.0687072569043441
9_33_401088,0.645,0.36289372426183386,True,0.019775781369628098
9_33_401096,0.439,0.3876012983869779,False,-0.0085074442008648
9_33_401097,0.779,0.213844123826704,True,0.04104021911683342
9_33_401106,0.842,0.47359404196585,True,0.05708656956724911
9_33_401123,0.579,0.717102281185729,True,0.010882178931313158
9_33_401128,0.636,0.3279448261686222,True,0.018839441218346686
9_33_401142,0.802,0.34961586090751695,True,0.0465255171760377
9_33_401146,0.958,0.27404340052251597,True,0.10136736328585172
9_33_401151,0.598,0.33952095168593416,True,0.01315183607033521
9_33_401163,0.811,0.3569198633234321,True,0.04942349246977118
9_33_401170,0.881,0.4247655053482828,True,0.06727488850936636
9_33_401184,0.8,0.27661200686224263,True,0.04568209267725154
9_33_401188,0.689,0.41464328423540625,True,0.027173382604232743
9_33_401197,0.649,0.3465525075798136,True,0.020973368903533074
9_33_401201,0.702,0.3370155049384252,True,0.029066086173003103
9_33_401214,0.659,0.4568781507997672,True,0.023058811993074246
9_33_401220,0.623,0.2921488102403104,True,0.017365603482757508
9_33_401233,0.746,0.3954483772674166,True,0.03599298994796529
9_33_401239,0.696,0.3452410658996289,True,0.02822587813100763
9_33_401241,0.551,0.41001497760416106,True,0.00698244262354053
9_33_401243,0.124,0.6077787741837012,False,-0.06250271211553327
9_33_401249,0.066,0.19341811661370203,False,-0.08347699967568945
9_33_401267,0.559,0.39712680388427235,True,0.008693291041060869
9_33_401272,0.681,0.30489794378413715,True,0.026014985177570504
9_33_401276,0.926,0.3262212462021575,True,0.08026307595201798
9_33_401279,0.772,0.25545065600089273,True,0.040104872082121656
9_33_401292,0.804,0.5971827676788178,True,0.04682705786045527
9_33_401293,0.604,0.30304952981268635,True,0.014249225665230458
9_33_401295,0.531,0.424167299755175,True,0.0041839427577153865
9_33_401312,0.78,0.24565309556092055,True,0.04110803818387032
9_33_401315,0.639,0.5053536889022671,True,0.01907530952198877
9_33_401330,0.73,0.32144814329002286,True,0.03260779616900855
9_33_401338,0.375,0.33963275591541003,False,-0.017481603959999426
9_33_401345,0.27,0.3509986274395579,False,-0.033739962507203014
9_33_401377,0.97,0.5043740256904351,True,0.11039511325551166
9_33_401379,0.681,0.19275059086096216,True,0.025726757849832582
9_33_401966,0.395,0.5652055483518043,False,-0.014918734097976172
9_33_460931,0.56,0.27054094185922395,True,0.009116066939369727
9_33_480948,0.03,0.2333459482926609,False,-0.11741650048464103
9_33_481126,0.276,0.3853961347558249,False,-0.033256997534746535
9_33_481404,0.381,0.39561145090653216,False,-0.016527382028392434
9_33_481909,0.827,0.4725542156751569,True,0.05349606062525991
9_33_482077,0.843,0.25857853932887587,True,0.05757768765167903
9_33_482088,0.717,0.5534422727902928,True,0.031003201808346592
9_33_490339,0.87,0.3139859384702109,True,0.06325340195954632
9_33_490393,0.368,0.2541524023908439,False,-0.019207936940128567
9_33_490644,0.838,0.27255972551109137,True,0.056057935901623
9_33_490673,0.987,0.2711708691716906,True,0.1328053843109983
9_33_490721,0.147,0.24600154509484853,False,-0.05763932503532998
9_33_490896,0.504,0.22925548618315789,True,0.0006342911286864039
9_33_500902,0.115,0.6352270519328774,False,-0.06628470394271968
9_33_511763,0.178,0.4771428631637821,False,-0.050936705397003124
9_33_520705,0.255,0.7231024149257729,False,-0.037361483395347284
9_33_550476,0.03,0.8308377711657703,False,-0.11661809536227086
9_33_581060,0.057,0.1752012259845137,False,-0.08944975445851977
9_33_581086,0.588,0.7409043417779663,True,0.0121330953497093
9_33_590786,0.956,0.3100757084914414,True,0.09854128776827131
9_33_590894,0.411,0.22321011115245012,False,-0.01335443405659853
9_33_591028,0.968,0.16553116954484803,True,0.10873030697635222
9_33_591030,0.316,0.3152939720111791,False,-0.02762154401275474
9_33_591203,0.685,0.20906521385915702,True,0.026487479010683712
9_33_591250,0.059,0.1630350594830718,False,-0.08791243663656978
9_33_591320,0.756,0.47984558792572124,True,0.03743546467456427
9_33_591322,0.349,0.17893992220713642,False,-0.02312378983656771
9_33_591374,0.351,0.24705716486738327,False,-0.02267011514651318
9_33_591494,0.987,0.2948190200624799,True,0.1335379227976745
9_33_591581,0.875,0.26576045061159165,True,0.06525248919409932
9_33_591678,0.058,0.2077697368499352,False,-0.08850899919610988
9_33_591718,0.77,0.21649676994866565,True,0.03968479680172676
9_33_591724,0.948,0.26144718723018767,True,0.0938216751469545
9_33_591735,0.145,0.301957981506898,False,-0.058298192176941876
9_33_600308,0.026,0.15482556719420942,False,-0.12286191804407087
9_33_600312,0.716,0.22138389310371132,True,0.030695040094164128
9_33_600324,0.224,0.15772786604120795,False,-0.0420305001511696
9_33_600336,0.806,0.19797319962106272,True,0.04737512065049587
9_33_600484,0.994,0.203005897738894,True,0.150110134178709
9_33_600830,0.23,0.3648909229964754,False,-0.041389947967660934
9_33_610449,0.123,0.23350129515920257,False,-0.06261189136963274
9_33_611095,0.41,0.16965057124856014,False,-0.01345901694211693
9_33_611588,0.244,0.6423339717458998,False,-0.03831943280018413
9_33_620660,0.178,0.5208940537008714,False,-0.05071308039364397
9_33_620968,0.222,0.23991686612660174,False,-0.04274063154299501
9_33_620980,0.972,0.21692576994952414,True,0.11312409070341212
9_33_621108,0.038,0.5660890029311078,False,-0.10722798982032944
9_33_621113,0.683,0.2414162242218473,True,0.026220993180436913
9_33_621126,0.713,0.19185295525433071,True,0.03044609358424144
9_33_630399,0.209,0.4672255539478943,False,-0.046108489046530865
9_33_630460,0.126,0.7954776480090657,False,-0.0620417940155118
9_33_630706,0.166,0.4207759879381628,False,-0.053731965538905024
9_33_630744,0.375,0.1674415353928314,False,-0.01734945666312604
9_33_700113,0.957,0.17180981536395634,True,0.10000813357986915
9_33_700218,0.045,0.1902796361864369,False,-0.10111093779395919
9_33_700298,0.365,0.39240770144540094,False,-0.01990872500650176
9_33_710865,0.217,0.6316539832845234,False,-0.04442069919693137
9_33_720592,0.302,0.4116266425633059,False,-0.030113015520857545
9_33_730702,0.102,0.30897454330144697,False,-0.0705376841064238
9_33_730981,0.964,0.3914756836757271,True,0.10427793809022623
9_33_740469,0.281,0.21530719574362847,False,-0.03218082126572441
9_33_740471,0.87,0.18206468060338918,True,0.06320360749749421
9_33_740508,0.932,0.4220791998839091,True,0.08162709800003265
9_33_740515,0.977,0.21757061591217614,True,0.11691908918494609
9_34_800172,0.044,0.19947247111033573,False,-0.10289468264144297
9_34_800212,0.097,0.30451328791698573,False,-0.07166309602846366
9_34_1150529,0.641,0.24566760875618987,True,0.019217527336201967
9_34_1150539,0.838,0.35122427763683994,True,0.05607550676351958
9_34_1150552,0.731,0.32292354892185976,True,0.033537972127650306
9_34_1150563,0.806,0.37256715012408337,True,0.04711541536025743
9_34_1150571,0.406,0.3535511064070185,False,-0.013809266287930777
9_34_1150601,0.562,0.2965430267086871,True,0.009445967114211529
9_34_1150605,0.63,0.4228710826938503,True,0.018199830854336074
9_34_1150609,0.836,0.3848646838640436,True,0.055612948439793586
9_34_1150637,0.489,0.35349967225524337,False,-0.001624673162000878
9_34_1150680,0.611,0.3663827896397327,True,0.015155708317172278
9_34_1150718,0.73,0.4403177483012787,True,0.03317282445657466
9_34_1150727,0.593,0.3948103949305026,True,0.012664115826133249
9_34_1150747,0.611,0.4150703956334822,True,0.015549867620811564
9_34_1150761,0.872,0.5432646381062505,True,0.06353171692822224
9_34_1150781,0.987,0.3508321576031858,True,0.1337536571357275
9_34_1150828,0.305,0.4302145203240861,False,-0.029588928037857398
9_34_1150829,0.796,0.40558130486448196,True,0.0446822446952686
9_34_1150845,0.891,0.2358213105959133,True,0.06993502626630743
9_34_1150850,0.794,0.4732758107802774,True,0.04388043291653487
9_34_1150887,0.453,0.3757251248108111,False,-0.00632399530196559
9_34_1150896,0.92,0.4435382533125828,True,0.0783506940247527
9_34_1150901,0.234,0.26210145433839627,False,-0.0405838148993074
9_34_1150906,0.977,0.4273614410189632,True,0.11498640761426682
9_34_1210325,0.008,0.18698387323859644,False,-0.14051301742699795
9_34_1241953,0.217,0.4248723073983829,False,-0.044293333127857215
9_34_1242337,0.105,0.6089879745931811,False,-0.06961719118109588
9_34_1250594,0.05,0.3499629912042466,False,-0.09597430718805122
9_34_1250669,0.089,0.3779070949235144,False,-0.0743940324029384
9_34_1250790,0.186,0.18643540452545457,False,-0.04975666722797567
9_34_1251287,0.22,0.23092525167546754,False,-0.04367779809509664
9_34_1251541,0.26,0.1655708345895575,False,-0.03633819554875539
9_34_1251975,0.585,0.23488600693876208,True,0.011571965193808542
9_34_1260424,0.074,0.5528095993982226,False,-0.08007583357643644
9_34_1260905,0.617,0.38826459183715983,True,0.016410855558025017
9_34_1260908,0.659,0.2858145226762886,True,0.023121231569648737
9_34_1260923,0.705,0.38210308720817165,True,0.02959422140281376
9_34_1260964,0.881,0.23229381466621907,True,0.06727927470938111
9_34_1261043,0.872,0.2413549452377949,True,0.06379987557914168
9_34_1261051,0.813,0.19651015738208089,True,0.050987107532421194
9_34_1261063,0.735,0.36929894756486215,True,0.034271715629419
9_34_1261067,0.311,0.5985366123813879,False,-0.028696999361424336
9_34_1261075,0.968,0.45347561297156186,True,0.10943549487789084
9_34_1261090,0.725,0.39809043459473115,True,0.03182568966401067
9_34_1261100,0.651,0.5408804048115058,True,0.021808673639609144
9_34_1261140,0.967,0.35282275094915055,True,0.10601545087932007
9_34_1261141,0.446,0.662829601206852,False,-0.007184213409967555
9_34_1261143,0.754,0.43809286103327455,True,0.03716207423037021
9_34_1261164,0.87,0.5195814151239492,True,0.06327283019045493
9_34_1261180,0.838,0.42747748081577,True,0.05614678543559892
9_34_1261219,0.241,0.44381971359095335,False,-0.03906813225735606
9_34_1261231,0.73,0.4482043795355064,True,0.03299299893898988
9_34_1261245,0.196,0.5405619864654142,False,-0.047938993227041315
9_34_1261269,0.318,0.3403338954293877,False,-0.027394755421265682
9_34_1261285,0.823,0.4026426568478503,True,0.05217777989662675
9_34_1261888,0.45,0.20334249245501818,False,-0.006767848933265208
9_34_1262469,0.117,0.6483649769968134,False,-0.06508080749574519
9_34_1271337,0.21,0.1592649695419934,False,-0.045719750107171775
9_34_1271619,0.772,0.2773651066790888,True,0.03998420504945499
9_34_1272105,0.058,0.34904090259994297,False,-0.08829553301424942
9_34_1281813,0.855,0.2174719800569735,True,0.06048759135615367
9_34_1281848,0.153,0.2735582381608671,False,-0.05637844601618891
9_34_1281852,0.195,0.4084787606135916,False,-0.04837588828817818
9_34_1281858,0.282,0.3788161077107217,False,-0.03201078535306601
9_34_1281869,0.562,0.2954366909506161,True,0.009452932634568478
9_34_1281876,0.903,0.38021350103383805,True,0.0736683132533279
9_34_1281895,0.932,0.3777395236377649,True,0.08166887971724368
9_34_1281896,0.937,0.27611561237857224,True,0.08544368341596242
9_34_1281935,0.834,0.3576828358091191,True,0.054816089369724486
9_34_1282035,0.806,0.2952001287554374,True,0.047179974364786714
9_34_1350758,0.111,0.21211017036301974,False,-0.06871237294368115
9_34_1351001,0.0,0.17217675799887405,False,-0.17142964299005925
9_34_1351261,0.139,0.17707316537757614,False,-0.05920052323159575
9_34_1361044,0.833,0.2566619669894962,True,0.054617617946285724
9_34_1361098,0.069,0.2454234243904423,False,-0.08202519680339782
9_34_1361148,0.719,0.20410818184785215,True,0.03113523030072407
9_34_1361325,0.467,0.37772949022990093,False,-0.004245754968096538
9_34_1361354,0.27,0.25077370485785255,False,-0.03385666577578017
9_34_1361493,0.585,0.15507830765447195,True,0.011565702925083077
9_34_1361545,0.94,0.24093403374277492,True,0.0878438715074551
9_34_1361561,0.574,0.32916199908969707,True,0.01037842693355695
9_34_1361570,0.121,0.14597474303831523,False,-0.06425012880792469
9_34_1361579,0.968,0.1912112253040936,True,0.10627169159543892
9_34_1361580,0.94,0.312875307579359,True,0.088459354261051
9_34_1361585,0.586,0.4968273109618424,True,0.011728913016409992
9_34_1370074,0.553,0.3078863859906156,True,0.007673521430377139
9_34_1370111,0.944,0.17685795348123676,True,0.0906057329428237
9_34_1370112,0.785,0.3751053872961079,True,0.04188674585193253
9_34_1370117,0.467,0.5705711766593751,False,-0.0039056780653781153
9_34_1370401,0.769,0.3532481098822192,True,0.0392391823641397
9_34_1370437,0.848,0.219052494428439,True,0.05897904366872753
9_34_1370553,0.53,0.18978134293362742,True,0.0038560732244249385
9_34_1370807,0.299,0.22513641757064148,False,-0.030367336298779524
9_34_1370824,0.087,0.23213955263068414,False,-0.07567502996671749
9_34_1370923,0.257,0.5396462385516709,False,-0.03694998240364278
9_34_1370977,0.102,0.1809102408509057,False,-0.07002862869356896
9_34_1381039,0.208,0.2251253076892952,False,-0.04618886363758001
9_34_1381256,0.323,0.2356731637084288,False,-0.026759865520125548
9_34_1391028,0.06,0.3343739077753665,False,-0.08772607329053672
9_34_1391313,0.173,0.7388090407827482,False,-0.05190297906697516
9_34_1400660,0.121,0.16188001562343693,False,-0.06403245273195113
9_34_1400885,0.086,0.2298433556174443,False,-0.0762831182632786
9_34_1400965,0.052,0.1528467293433497,False,-0.09266549881547936
9_34_1400980,0.22,0.35458349886568835,False,-0.043090333998638375
9_34_1401394,0.117,0.23987737833179165,False,-0.06473563748873312
9_34_1420405,0.04,0.2283909105439438,False,-0.10605139606144065
9_34_1430297,0.147,0.7115158529706245,False,-0.05799493798093458
9_34_1430326,0.047,0.46554528044536314,False,-0.09926075463981343
9_34_1460419,0.991,0.21846307358158867,True,0.139199530214684
9_34_1470760,0.264,0.39707573482265346,False,-0.035978157924230425
9_34_1471431,0.331,0.18229701902691378,False,-0.025571011923715137
9_34_1471543,0.598,0.13592253400174778,True,0.013243704849362992
9_34_1471551,0.237,0.19329452051880897,False,-0.04023377794092564
9_34_1471576,0.498,0.23628051971408845,False,-0.00026064929546021354
9_34_1480480,0.22,0.55650387649604,False,-0.04334736895576796
9_34_1480618,0.547,0.5393248294665808,True,0.006190035785912262
9_34_1480734,0.07,0.4471212811597612,False,-0.08191117190594888
9_34_1480758,0.697,0.45954024675369126,True,0.02841984034384626
9_34_1480916,0.111,0.2470106819230221,False,-0.06871317750426087
9_34_1480966,0.047,0.27865880882537103,False,-0.09886226027733547
9_34_1481083,0.387,0.2526330312575909,False,-0.015989793779547234
9_34_1481086,0.054,0.18707488663372068,False,-0.0922227492016574
9_34_1481350,0.705,0.3706783034801105,True,0.029503292667577452
9_34_1481539,0.619,0.1525469613468613,True,0.016956684401339128
9_34_1481543,0.853,0.47950158598325165,True,0.05988556359415653
9_34_1490418,0.072,0.18064030478530507,False,-0.08110504752943948
9_34_1490601,0.453,0.19419302799154747,False,-0.006258191120846801
9_34_1490692,0.373,0.7006874319285165,False,-0.018215708275481468
9_34_1490759,0.085,0.40961364567782654,False,-0.0771110927551566
9_34_1500462,0.217,0.16698998487697447,False,-0.044131133044662985
9_34_1500638,0.178,0.40759159498225844,False,-0.051005952024105516
9_34_1500717,0.111,0.26747385425905845,False,-0.06820306378616126
9_34_1500765,0.243,0.21661229955516376,False,-0.03899520572779802
9_34_1500814,0.03,0.21031442080141824,False,-0.11661166707053594
9_34_1500911,0.047,0.25780838717141924,False,-0.09971250705475088
9_34_1500913,0.825,0.1832354780809681,True,0.05253723963588153
9_34_1500984,0.971,0.25884635658847993,True,0.11242624725485217
9_34_1500987,0.612,0.3542527366318642,True,0.015650831083380834
9_34_1500991,0.971,0.21486430297467263,True,0.11192738221240639
9_34_1501087,0.745,0.30886276000255836,True,0.03589235899711307
9_34_1501128,0.364,0.21464447136315587,False,-0.020018049716074238
9_34_1501204,0.427,0.19522912300098344,False,-0.010151342997669843
9_34_1501245,0.617,0.2269126568122854,True,0.016490910949929383
9_34_1501252,0.457,0.22533911370302348,False,-0.005517441164053727
9_34_1501263,0.842,0.3224774607984043,True,0.05702326922693457
9_34_1501304,0.089,0.27394633758482156,False,-0.07379743902494429
9_34_1510282,0.898,0.3057945116972254,True,0.07261602538001977
9_34_1510311,0.586,0.33412825392405365,True,0.011806320561521644
9_34_1510565,0.834,0.2100089413546089,True,0.05495253248445753
9_34_1530820,0.066,0.18038195038478175,False,-0.08435122503123771
9_34_1540185,0.086,0.38014805884781283,False,-0.07629779829815031
9_34_1540350,0.098,0.7336408676930666,False,-0.0714739159863449
9_34_1590126,0.875,0.18464475392657223,True,0.06489839298798417
9_34_1590656,0.389,0.2018881474055893,False,-0.015413374436399119
9_34_1590665,0.399,0.32244782245654835,False,-0.014425142544724823
9_34_1590681,0.611,0.39461428639415014,True,0.01504800917220006
9_34_1600317,0.425,0.18662085874647832,False,-0.01053047689620934
9_34_1600786,0.111,0.17848292857575257,False,-0.06869067922128624
9_34_1600822,0.027,0.24613285843975996,False,-0.12195948104744936
9_34_1600834,0.032,0.21049780358247266,False,-0.11274002119968363
9_34_1620137,0.587,0.274353564611916,True,0.011899932612537856
9_34_1620153,0.868,0.37507804521437854,True,0.0625251958088403
9_34_1620163,0.98,0.17968283178859948,True,0.12177539947497118
9_34_1620177,0.868,0.2891294500334833,True,0.06263336920946694
9_34_1620189,0.647,0.36494656112813983,True,0.020329467320825745
9_34_1640095,0.085,0.316316574709179,False,-0.07733858336627031
9_35_1720231,0.281,0.32461475713395826,False,-0.03246902496094406
9_35_1780239,0.047,0.4328293226330643,False,-0.09970651445671752
9_35_1860213,0.178,0.2729463448513987,False,-0.050723624509650955
9_35_1880248,0.008,0.23173998549859032,False,-0.14126355966398707
9_35_2000874,0.026,0.16074195473340808,False,-0.1224329261715913
9_35_2030586,0.602,0.42198546666507664,True,0.013870062142148476
9_35_2030623,0.586,0.36912224398064075,True,0.011857589283934211
9_35_2030644,0.672,0.43981342450574523,True,0.02455823260397272
9_35_2030709,0.863,0.3656457866443232,True,0.061834785403521386
9_35_2030729,0.15,0.4068731455705732,False,-0.05681092946807165
9_35_2030746,0.544,0.4288088076222321,True,0.005587531835826831
9_35_2030762,0.356,0.3329616960735627,False,-0.02203208862345485
9_35_2030763,0.221,0.38521226529241576,False,-0.04285096039421599
9_35_2030766,0.658,0.252363628055591,True,0.022960932323179084
9_35_2030771,0.323,0.39444415816852396,False,-0.02678476299740984
9_35_2030790,0.212,0.5168312440755328,False,-0.045248771069084315
9_35_2030804,0.807,0.39076496537794175,True,0.04755604324696394
9_35_2030814,0.737,0.28200767028585116,True,0.034575393443985636
9_35_2030835,0.853,0.3946014751682913,True,0.060310951549631175
9_35_2051016,0.554,0.23909690197390385,True,0.008043195908203571
9_35_2051034,0.774,0.3989677734535907,True,0.04031715293293414
9_35_2051053,0.996,0.4638541027018835,True,0.17168205639585743
9_35_2051063,0.117,0.3025010215399443,False,-0.06504745217792984
9_35_2051075,0.825,0.21923835725928342,True,0.052710336009304415
9_35_2051094,0.066,0.541872521517797,False,-0.08459182440055502
9_35_2051102,0.062,0.3046705892587128,False,-0.08665826508381635
9_35_2131214,0.388,0.30846853090004683,False,-0.015587218096778432
9_35_2140387,0.03,0.392661091131992,False,-0.11799459426900305
9_35_2140419,0.799,0.43442804215434966,True,0.04531322188189191
9_35_2140437,0.552,0.39262674665882796,True,0.007554593267148024
9_35_2140443,0.954,0.4374124280308957,True,0.09804513103423496
9_35_2140503,0.374,0.48661185324604983,False,-0.017579297700695218
9_35_2140510,0.777,0.4084283143195324,True,0.040961072130584086
9_35_2140545,0.164,0.5810067853535378,False,-0.054520967110792684
9_35_2140563,0.832,0.24610852853679155,True,0.054122699371826566
9_35_2140587,0.934,0.4308222648151466,True,0.08286266451664526
9_35_2140617,0.649,0.28044056318829036,True,0.020714966122777123
9_35_2140627,0.623,0.4413208299923266,True,0.017292235604047357
9_35_2140648,0.612,0.3781484379543559,True,0.015625089870502817
9_35_2140652,0.831,0.40569754353475285,True,0.05403951135636276
9_35_2140677,0.894,0.37104728743794907,True,0.07121208235920617
9_35_2140696,0.957,0.2931718908434005,True,0.1005315762142277
9_35_2140710,0.695,0.384083042810692,True,0.02814032169354841
9_35_2140712,0.866,0.383602899972166,True,0.062072905622301944
9_35_2140755,0.807,0.3986905320867312,True,0.04756941221277555
9_35_2140759,0.686,0.4793362927279997,True,0.02691115479641759
9_35_2140764,0.675,0.3965845130172821,True,0.02481082132410184
9_35_2140770,0.553,0.25534940536203504,True,0.007617261028798561
9_35_2140777,0.828,0.3694512791776244,True,0.053580960758160434
9_35_2140783,0.88,0.2274296185106698,True,0.06683102996328061
9_35_2140815,0.918,0.3927404127943944,True,0.0779951338313295
9_35_2140821,0.281,0.39622100859849885,False,-0.03248128187220689
9_35_2140836,0.872,0.5890593830214209,True,0.06389481147276843
9_35_2140844,0.649,0.4089639529114584,True,0.021187449152143545
9_35_2140870,0.605,0.2891344794282085,True,0.014322594005153455
9_35_2140895,0.667,0.43394437040652206,True,0.023772490538949698
9_35_2140934,0.838,0.3220094270434833,True,0.05601613872572875
9_35_2140945,0.905,0.39235647492751397,True,0.07460484805868717
9_35_2141252,0.212,0.38518785119376164,False,-0.04535326912261173
9_35_2141610,0.267,0.5743998717638408,False,-0.03497622046517135
9_35_2160880,0.73,0.21189504677433404,True,0.03267287939219299
9_35_2161382,0.365,0.33711499496355846,False,-0.019883731000621685
9_35_2161401,0.338,0.28392128037772174,False,-0.02449646515873516
9_35_2161418,0.855,0.41067393683346404,True,0.060455718111614765
9_35_2161448,0.737,0.4661434971485918,True,0.03453160611554418
9_35_2161465,0.04,0.3915493596211672,False,-0.10603705282290288
9_35_2161492,0.637,0.36595911896959193,True,0.018899977064435136
9_35_2161510,0.582,0.7814211983790655,True,0.0113190928289153
9_35_2161546,0.365,0.2095471564860582,False,-0.019978091580203694
9_35_2161548,0.347,0.2603233137034438,False,-0.023461055067115932
9_35_2161579,0.81,0.24650962223800002,True,0.048219312752530996
9_35_2161652,0.97,0.40324837631166993,True,0.11041701026754502
9_35_2161655,0.277,0.3301860418616342,False,-0.033156738497607696
9_35_2161666,0.888,0.44031615183385087,True,0.06880398266390375
9_35_2200298,0.09,0.36817256825355416,False,-0.07314266735774222
9_35_2200351,0.452,0.14788538643976742,False,-0.006516726394165673
9_35_2200357,0.089,0.47524167432317055,False,-0.0746958420814432
9_35_2200368,0.56,0.33568909252371343,True,0.008856787238776698
9_35_2200381,0.086,0.7797783427645445,False,-0.07611785373272051
9_35_2220913,0.047,0.2017037248394183,False,-0.09849428359044254
9_35_2241236,0.311,0.8806463913763869,False,-0.028410549577734034
9_35_2241437,0.245,0.30464167458986885,False,-0.038208792618785736
9_35_2241636,0.144,0.4589714365219882,False,-0.05865557192828996
9_35_2241654,0.14,0.14659295101154507,False,-0.05909601656776431
9_35_2241739,0.748,0.13666568546756902,True,0.036650982684540034
9_35_2241753,0.48,0.1644158618391159,False,-0.0026616118120856846
9_35_2250122,0.67,0.20521430197873092,True,0.024154996103612603
9_35_2250138,0.657,0.1748432388519373,True,0.022854823068638286
9_35_2250377,0.81,0.3223006818177954,True,0.04892492986828856
9_35_2250383,0.609,0.22371648578652562,True,0.014681584669511971
9_35_2250401,0.753,0.2341666083628755,True,0.0369533713432737
9_35_2250449,0.237,0.3571678433093805,False,-0.040422773993120886
9_35_2250453,0.934,0.20158937412166122,True,0.0828129227718104
9_35_2250468,0.754,0.41058122523269774,True,0.0371158844612659
9_35_2251027,0.133,0.40816929637194455,False,-0.06114374735365047
9_35_2251173,0.234,0.50221444417006,False,-0.040814053019641916
9_35_2251257,0.166,0.15068625778391936,False,-0.05435238821189947
9_35_2260736,0.311,0.8114270379733122,False,-0.02812877834882399
9_35_2260768,0.41,0.3331315031894382,False,-0.013492403578944323
9_35_2261354,0.697,0.35935257873509474,True,0.02846574179387973
9_35_2261392,0.526,0.20484786546442552,True,0.0030496037139682297
9_35_2270493,0.551,0.20689511372363245,True,0.006971808940471114
9_35_2270913,0.094,0.3292730038990228,False,-0.07259464463864207
9_35_2271113,0.357,0.24168480413977525,False,-0.021353923162647837
9_35_2271230,0.791,0.834181330431745,True,0.043563545644092594
9_35_2280358,0.171,0.8564332251011222,False,-0.05255196984571531
9_35_2280914,0.115,0.2714691956202272,False,-0.06686254070116648
9_35_2281068,0.079,0.30221235120961154,False,-0.07853743924676793
9_35_2281095,0.65,0.15869338070195835,True,0.021556146062345127
9_35_2310230,0.044,0.5624739527594277,False,-0.10214314303593741
9_35_2350343,0.98,0.2271381938336393,True,0.12025099335186396
9_35_2350369,0.919,0.1805480463138275,True,0.07821101261366725
9_35_2350653,0.716,0.29442316698492305,True,0.03081923626600025
9_35_2350679,0.211,0.8336564599361349,False,-0.045576506034523456
9_35_2350754,0.811,0.3035977166738373,True,0.04978211063031246
9_35_2351002,0.147,0.3111589916591899,False,-0.057896966845379705
9_35_2351027,0.286,0.18771142994752363,False,-0.03171452234971883
9_35_2351241,0.079,0.5246957511072619,False,-0.07880207434183228
9_35_2351297,0.853,0.2584368311622906,True,0.06029163017290984
9_35_2351368,0.94,0.16441924911021485,True,0.08684631545168897
9_35_2351477,0.949,0.2034062044603829,True,0.095590695271768
9_35_2351479,0.35,0.15399555079389002,False,-0.02283513636007739
9_35_2351607,0.117,0.17565813188350154,False,-0.06501369739857421
9_35_2351663,0.968,0.3564874004271284,True,0.10730673977483685
9_35_2351714,0.195,0.7871638397532419,False,-0.048371702148725104
9_35_2360198,0.25,0.5762423859186739,False,-0.037593977534418066
9_35_2360250,0.903,0.3115758663712677,True,0.07448871962089965
9_35_2360283,0.811,0.29272882815698903,True,0.050072394844841606
9_35_2360787,0.305,0.41654236837256375,False,-0.02956255828886256
9_35_2360924,0.445,0.2223847857152253,False,-0.0077891569643921965
9_35_2361035,0.062,0.28124443803861726,False,-0.08664300108288114
9_35_2361122,0.161,0.16145362406237407,False,-0.05512837659763736
9_35_2361642,0.412,0.6665606264586523,False,-0.012785480037145414
9_35_2370344,0.047,0.45192005677865393,False,-0.0986046543987169
9_35_2370362,0.765,0.3061681990950705,True,0.0387602237180622
9_35_2370409,0.63,0.16856896850326364,True,0.017919512218499745
9_35_2370489,0.169,0.4064108766608633,False,-0.05274131965558482
9_35_2370505,0.123,0.7132481836545566,False,-0.06272055639738294
9_35_2370519,0.087,0.392554273810975,False,-0.07579362687640834
9_35_2370532,0.81,0.19061670795453445,True,0.04898462359168365
9_35_2370536,0.557,0.24585700728826715,True,0.008397299378781198
9_35_2370565,0.327,0.21028713327084023,False,-0.02636134973227211
9_35_2370585,0.79,0.7166306663695408,True,0.042947257177763154
9_35_2370624,0.445,0.42855834276801574,False,-0.00787224802722597
9_35_2370685,0.045,0.5000752584162368,False,-0.10155354482587109
9_35_2370705,0.734,0.21071248170953225,True,0.03420249832524569
9_35_2370751,0.365,0.22877244727848722,False,-0.01996916622699496
9_35_2370784,0.207,0.54925391804535,False,-0.0462970592246541
9_35_2370804,0.22,0.33794270330048365,False,-0.0433863137252164
9_35_2370822,0.774,0.23058668405230495,True,0.04038441407928517
9_35_2370931,0.831,0.24925919682208833,True,0.05398557792754055
9_35_2370933,0.117,0.6344995020285019,False,-0.06521907475817956
9_35_2371022,0.357,0.24862119940030658,False,-0.021516998133214837
9_35_2371114,0.491,0.16615440705567713,False,-0.00150026963994776
9_35_2371329,0.111,0.2478204719181342,False,-0.0682271561587251
9_35_2371437,0.041,0.16022425304416413,False,-0.1048889510996065
9_35_2371464,0.414,0.2886356183452295,False,-0.012341072042923562
9_35_2380525,0.102,0.21124222431082984,False,-0.07007311860463239
9_35_2380704,0.275,0.2388018532181879,False,-0.03338483437570594
9_35_2380801,0.641,0.32609558802009103,True,0.019341088315183552
9_35_2380810,0.535,0.2735125578636447,True,0.004656451742798384
9_35_2381065,0.818,0.9147103019756062,True,0.05136372549411827
9_35_2381088,0.337,0.1658209370115554,False,-0.024614595755939828
9_35_2381132,0.812,0.18446546331391692,True,0.050765740249306135
9_35_2381303,0.445,0.5842165847541244,False,-0.007898242024078295
9_35_2381547,0.144,0.21377626148623954,False,-0.05854727936161663
9_35_2381561,0.014,0.2684116763055998,False,-0.1343492729860125
9_35_2381599,0.22,0.3188369639451755,False,-0.04356022685388372
9_35_2390378,0.373,0.24531512971246844,False,-0.017715009958565897
9_35_2390614,0.939,0.23551351050332375,True,0.0858519128750076
9_35_2390680,0.931,0.15929153984305178,True,0.08124275593089303
9_35_2390704,0.968,0.20643398691915177,True,0.10637877058237011
9_35_2410259,0.067,0.2523877601885078,False,-0.08346250177133463
9_35_2410271,0.089,0.21783577989912534,False,-0.07391286560360211
9_35_2410288,0.617,0.4914878307618549,True,0.01625597548143587
9_35_2410302,0.171,0.18315216181392935,False,-0.052432616443339075
9_35_2410329,0.22,0.3340001524004883,False,-0.043799416718812045
9_35_2410344,0.379,0.19333922975739992,False,-0.016976563660791033
9_35_2410350,0.098,0.16638517300825484,False,-0.07138646766257772
9_35_2460132,0.465,0.1834760468992049,False,-0.004398854288848675
9_35_2460218,0.373,0.29574127579275417,False,-0.018723713353024918
9_35_2480231,0.094,0.3831605168375548,False,-0.07265912416834985
9_35_2480254,0.649,0.15080214346947715,True,0.02149722005318655
9_35_2480294,0.363,0.41835992657901494,False,-0.020120257075977754
9_36_2660313,0.062,0.2010997076810308,False,-0.08629698789591922
9_36_2910399,0.649,0.46595114234433854,True,0.020896608651236548
9_36_2910439,0.206,0.22197836175832342,False,-0.046426931130074456
9_36_2910491,0.812,0.45446030378433905,True,0.0507682990815177
9_36_2910536,0.65,0.5184543720477199,True,0.021644944444619507
9_36_2930715,0.794,0.23668778427121226,True,0.043888645882600774
9_36_2930759,0.686,0.34317247744605717,True,0.026651728263003438
9_36_2930797,0.187,0.36653061870334,False,-0.049395213362816826
9_36_2930845,0.872,0.43906623647647636,True,0.06378853000498041
9_36_2930860,0.685,0.5074620589728783,True,0.026455296108363724
9_36_2930879,0.746,0.45575219483742646,True,0.036106894510729126
9_36_2930884,0.982,0.31225194986589533,True,0.12335862489631755
9_36_2930902,0.806,0.37117524711984307,True,0.04721913871850503
9_36_2930909,0.711,0.2986070958050669,True,0.030254221088729993
9_36_2930926,0.888,0.4834385114166557,True,0.06864786630734909
9_36_2930929,0.365,0.3678886906419963,False,-0.019707225157760133
9_36_2930935,0.781,0.4593368654406376,True,0.0416092522247159
9_36_2930936,0.87,0.3629368494217743,True,0.0632893999497326
9_36_2930938,0.934,0.3938463789783182,True,0.08268805384942635
9_36_2930958,0.995,0.3523441472514068,True,0.15676151417132855
9_36_2930979,0.431,0.3949648747471189,False,-0.009867547407663046
9_36_2930986,0.587,0.27772571117577116,True,0.01200695089978987
9_36_2930988,0.864,0.4178199437488932,True,0.06204108482868531
9_36_2931009,0.843,0.39379739517129403,True,0.05752415978837877
9_36_2931027,0.878,0.32797897136529286,True,0.06621940334383891
9_36_2931046,0.872,0.3795693685103369,True,0.0640552791287915
9_36_2931051,0.731,0.2819950915504608,True,0.03372727448008861
9_36_2931052,0.137,0.3872678301328116,False,-0.05984895596822026
9_36_2931084,0.937,0.4363695724715662,True,0.08561451661848729
9_36_2931098,0.802,0.5552760099512852,True,0.04634537338053224
9_36_2931104,0.373,0.4011315964331551,False,-0.017998283809281146
9_36_2931130,0.566,0.4809676598399059,True,0.009705147769010769
9_36_2931155,0.602,0.48681037027696517,True,0.013784274473816138
9_36_2950638,0.115,0.1741734182046937,False,-0.0661384209781044
9_36_3011085,0.177,0.17976027828327282,False,-0.051088452384123295
9_36_3011906,0.88,0.3083773479344524,True,0.06690809215927718
9_36_3011940,0.529,0.2609681551823147,True,0.0037181081183247366
9_36_3012039,0.411,0.33122936791282703,False,-0.013298700333302493
9_36_3012056,0.759,0.2661839213349345,True,0.03787682853350682
9_36_3012080,0.932,0.3586865568243671,True,0.08150994178031812
9_36_3012090,0.463,0.3948120562684496,False,-0.004872004837867205
9_36_3012096,0.979,0.3182098474987905,True,0.11829905278441188
9_36_3012154,0.144,0.36453891173845615,False,-0.058726797469328185
9_36_3012160,0.751,0.37614068698681097,True,0.036807859973252643
9_36_3012176,0.813,0.48811031861003745,True,0.05097248279787736
9_36_3012185,0.934,0.40241552894568006,True,0.08305511145764466
9_36_3012198,0.839,0.41795090678517693,True,0.056503195083608126
9_36_3020095,0.619,0.28197821516205795,True,0.01688811277454294
9_36_3020125,0.797,0.2869260115819322,True,0.04524480699096134
9_36_3020211,0.678,0.39855756559155703,True,0.025230603148956088
9_36_3020246,0.528,0.4816335401975693,True,0.003487154878998089
9_36_3020251,0.881,0.4143577552308163,True,0.0673053835673062
9_36_3020297,0.943,0.43727320002670167,True,0.08928479876486461
9_36_3020322,0.743,0.4823443217672237,True,0.03535630027102954
9_36_3020328,0.811,0.410770273494201,True,0.05017582086208627
9_36_3020367,0.948,0.43558931013886737,True,0.09408371675503524
9_36_3020368,0.945,0.3775399023066627,True,0.0913348074859418
9_36_3020375,0.899,0.4679239597073372,True,0.0729380487903728
9_36_3020391,0.524,0.45293512065982855,True,0.002851478063207402
9_36_3020406,0.649,0.41086354572684713,True,0.020918522328364886
9_36_3020420,0.844,0.40654907996503925,True,0.05771332979197252
9_36_3020437,0.578,0.43560539107139057,True,0.01074751960142517
9_36_3020445,0.681,0.37604008530059774,True,0.025705477074901006
9_36_3020446,0.782,0.37009098803452256,True,0.04168235311584312
9_36_3020462,0.414,0.40441176848985577,False,-0.012215679680026792
9_36_3020464,0.894,0.3649243170065489,True,0.07118432731443602
9_36_3020489,0.731,0.2543187788941869,True,0.03373410858064285
9_36_3020494,0.777,0.4330802603752817,True,0.04071634437426341
9_36_3020495,0.81,0.45116869259555564,True,0.04880049755031246
9_36_3020508,0.4,0.3459387081026571,False,-0.014297637324445889
9_36_3020511,0.862,0.41912231151301244,True,0.061431777815692534
9_36_3020516,0.817,0.4094976795604662,True,0.051260131338689785
9_36_3020520,0.695,0.28191424504442697,True,0.02802794858121227
9_36_3020523,0.586,0.404861680652363,True,0.011821524501430036
9_36_3020537,0.692,0.33809531545068855,True,0.027540350537023306
9_36_3020540,0.73,0.4077848355949263,True,0.03261379077432791
9_36_3020550,0.65,0.5232525749235295,True,0.021669068595595697
9_36_3020554,0.971,0.2783571894476828,True,0.11202099290245393
9_36_3020565,0.986,0.40400354222839674,True,0.12761289213390703
9_36_3020586,0.81,0.5041249674540649,True,0.048807441613375024
9_36_3020596,0.619,0.37982107645411184,True,0.01670508678405458
9_36_3020614,0.78,0.33328198009459853,True,0.041468789482795754
9_36_3020849,0.457,0.9796672143448489,False,-0.005277908783141827
9_36_3020908,0.665,0.47533035262774115,True,0.023442937735272062
9_36_3021103,0.047,0.22225783687013817,False,-0.09934072376439151
9_36_3022195,0.169,0.215033162953909,False,-0.05297182178886484
9_36_3031241,0.179,0.21808575691373566,False,-0.050569382436950416
9_36_3040948,0.586,0.46399348385417283,True,0.011625847539822765
9_36_3041171,0.597,0.2828618160090141,True,0.012998628146321911
9_36_3041209,0.802,0.49345438816126336,True,0.046693820703492595
9_36_3041801,0.041,0.20571933193690223,False,-0.10536662931772933
9_36_3050842,0.311,0.26083136959587294,False,-0.028471257742069822
9_36_3100397,0.032,0.7336127339809121,False,-0.11293405174710336
9_36_3121012,0.369,0.5749050812459463,False,-0.01897073377487324
9_36_3121013,0.024,0.7081680610299889,False,-0.12441569043774559
9_36_3121108,0.058,0.2917002674784216,False,-0.08825753501473921
9_36_3121200,0.653,0.19816023158411158,True,0.02236232304171626
9_36_3121446,0.259,0.23482790835830628,False,-0.03646713861787543
9_36_3121488,0.117,0.3665425099907137,False,-0.06532442247873838
9_36_3121688,0.699,0.258868786924143,True,0.028755001781201717
9_36_3121699,0.979,0.28729608540410484,True,0.1191681606077104
9_36_3121712,0.748,0.14521716083819394,True,0.036663272387094326
9_36_3130059,0.647,0.31138648391197965,True,0.020227267955639894
9_36_3130067,0.979,0.3379219127072659,True,0.11839907385515658
9_36_3130079,0.823,0.20695987928005935,True,0.05198230451233432
9_36_3130394,0.112,0.36601308558868817,False,-0.06756694682988407
9_36_3130909,0.336,0.6657005347195574,False,-0.02480894290109248
9_36_3130926,0.044,0.34004690788064595,False,-0.10314168283652347
9_36_3140470,0.014,0.8441560040193983,False,-0.13107981032636928
9_36_3140624,0.102,0.4387707330008216,False,-0.07093972216588029
9_36_3140743,0.22,0.31593213659205693,False,-0.04326500341676809
9_36_3140851,0.054,0.5886681850172418,False,-0.09178839363376734
9_36_3141208,0.06,0.2757525310967761,False,-0.08764304939516876
9_36_3150954,0.057,0.3954374594752711,False,-0.08930006987861239
9_36_3151187,0.214,0.36539081582759125,False,-0.044883079935901016
9_36_3160369,0.036,0.1981488085071552,False,-0.10755876852387147
9_36_3160472,0.083,0.435389799979307,False,-0.07770063200670219
9_36_3160579,0.173,0.2025979213218853,False,-0.05173831688153263
9_36_3160668,0.054,0.43667940931892374,False,-0.09218885956357847
9_36_3160678,0.148,0.5198777823929357,False,-0.057418886183493445
9_36_3160734,0.201,0.7037235161057256,False,-0.0473518825851833
9_36_3160753,0.011,0.1872343795648359,False,-0.13694274892646074
9_36_3160888,0.121,0.6860869121567645,False,-0.06357636520685217
9_36_3161070,0.089,0.17548761432049145,False,-0.07376928689751505
9_36_3190181,0.073,0.16273192544448398,False,-0.08037725775075977
9_36_3190217,0.126,0.178641772006283,False,-0.06218514867877567
9_36_3190225,0.173,0.4583756430528305,False,-0.05183363097982907
9_36_3190352,0.086,0.4759049299206633,False,-0.07689394823828377
9_36_3190404,0.09,0.8504123311382993,False,-0.07314390175764163
9_36_3230792,0.387,0.19570251290133478,False,-0.015983228032316665
9_36_3230808,0.169,0.20362937662526412,False,-0.05300817996252105
9_36_3230890,0.119,0.2130035266853458,False,-0.0644729036094962
9_36_3230905,0.974,0.21637002444619574,True,0.11360367113223335
9_36_3231030,0.088,0.3807097687729597,False,-0.07521725553758518
9_36_3231148,0.562,0.38237490901520654,True,0.009311802714867423
9_36_3231155,0.815,0.3973591343695773,True,0.051151559786768996
9_36_3231228,0.492,0.18288066417679846,False,-0.0005917723213915149
9_36_3231251,0.957,0.1743239972590525,True,0.09945364259348788
9_36_3231322,0.713,0.393304185147723,True,0.030338054204999576
9_36_3231336,0.936,0.21925977776292027,True,0.0844376573336959
9_36_3231339,0.896,0.2837729143413728,True,0.07164937780340053
9_36_3231361,0.996,0.23209420713945758,True,0.16983933364752868
9_36_3231450,0.065,0.39384825006041635,False,-0.08509874801122752
9_36_3231586,0.987,0.28487843361277904,True,0.1330830496608708
9_36_3231616,0.634,0.1616970065324976,True,0.018454951255270302
9_36_3231646,0.936,0.18028392701923976,True,0.08457598674180478
9_36_3231650,0.379,0.20869750592219402,False,-0.016951997500390448
9_36_3231653,0.697,0.2962611155640553,True,0.028532791998113316
9_36_3231708,0.073,0.517018829896947,False,-0.08060741894019352
9_36_3240151,0.937,0.21559169165306047,True,0.0855117620835032
9_36_3240156,0.832,0.23993303534139068,True,0.05410897501500678
9_36_3240391,0.512,0.15978923143977034,True,0.001469420761680884
9_36_3240558,0.605,0.2888537777642612,True,0.014362611380897783
9_36_3240823,0.087,0.16324961440285948,False,-0.07526288625710142
9_36_3240869,0.047,0.2728231893216005,False,-0.09892876514276883
9_36_3240920,0.224,0.33484890423632135,False,-0.04239672590981769
9_36_3240973,0.146,0.2398022448583315,False,-0.05814381103255983
9_36_3241177,0.528,0.8285296276575581,True,0.0033711161301526182
9_36_3241443,0.254,0.14389530768306139,False,-0.03749870720342008
9_36_3250449,0.663,0.25815856742071686,True,0.023368263185708393
9_36_3250457,0.018,0.42031613704915216,False,-0.1278277745579539
9_36_3250552,0.514,0.26326709269172555,True,0.001732588485475528
9_36_3250578,0.301,0.1864952693453391,False,-0.030240362789894393
9_36_3250600,0.234,0.26879038556457013,False,-0.04069699725763343
9_36_3250633,0.489,0.43959872359247415,False,-0.001695919151849079
9_36_3250662,0.797,0.27425048763076604,True,0.0449180307856194
9_36_3250687,0.22,0.3948760325010413,False,-0.04295588177069365
9_36_3250714,0.166,0.23926577674976562,False,-0.053826020425841836
9_36_3250865,0.357,0.3583283745959863,False,-0.021435382241175027
9_36_3250902,0.066,0.5427348918348069,False,-0.08478701612068207
9_36_3250955,0.674,0.35070244964147745,True,0.024694617982272682
9_36_3251011,0.086,0.420289491622609,False,-0.07656259950746702
9_36_3251101,0.003,0.23398387658628766,False,-0.14963608757718627
9_36_3251120,0.535,0.7039135470684046,True,0.0045973959351842675
9_36_3251251,0.437,0.3529893085011216,False,-0.009099746016633992
9_36_3251423,0.115,0.2962147600138473,False,-0.06637523707341053
9_36_3260341,0.797,0.2527751259591284,True,0.045123804620828434
9_36_3260694,0.202,0.38520188676529443,False,-0.04716233271472703
9_36_3260860,0.438,0.28558523263779134,False,-0.008772912216579387
9_36_3260917,0.445,0.2211949182552148,False,-0.0075323438285537225
9_36_3261129,0.8,0.28480608075742986,True,0.0455747098789292
9_36_3261262,0.351,0.3233004509345357,False,-0.022656572654857765
9_36_3270519,0.048,0.6443508538309993,False,-0.09776261471301328
9_36_3270543,0.834,0.21485524707757517,True,0.05514808447926367
9_36_3270595,0.484,0.24392052188195382,False,-0.0024227257881641595
9_36_3270608,0.983,0.21122496156330528,True,0.1240994794035134
9_36_3350490,0.774,0.19495916785729928,True,0.04033713035483555
9_36_3360399,0.322,0.8353716058839356,False,-0.026913515171681723
10_37_431509,0.904,0.41833683862757415,True,0.074524491504115
10_37_431658,0.365,0.3815938405230932,False,-0.01986214214435833
10_37_431712,0.672,0.4277317219978536,True,0.024521332946584096
10_37_431744,0.811,0.35778852579037423,True,0.04988808586117344
10_37_431749,0.866,0.35931868892807795,True,0.06217287262910276
10_37_431777,0.968,0.3178200319242126,True,0.10679969471855666
10_37_431818,0.98,0.3782818695591987,True,0.12117828421739885
10_37_431878,0.992,0.3119869853852865,True,0.14062355105443158
10_37_431910,0.601,0.4229271313517275,True,0.013638279737758663
10_37_431952,0.948,0.34003462109786103,True,0.09404924222050826
10_37_431981,0.641,0.4111234515590856,True,0.019336478764464426
10_37_440172,0.581,0.39145505650682005,True,0.011137171452733408
10_37_440257,0.387,0.4129380761407217,False,-0.015720574942100107
10_37_531206,0.858,0.38782287381618363,True,0.0608983299860949
10_37_531245,0.869,0.38230856951035797,True,0.06309220057705034
10_37_531250,0.802,0.3039492339805384,True,0.04635733937115394
10_37_531311,0.623,0.3941202344154523,True,0.017332801887877558
10_37_531317,0.791,0.26244484017449504,True,0.04348604984817228
10_37_531340,0.725,0.47872453936462267,True,0.03189069848327242
10_37_531342,0.503,0.3779878118450603,True,0.0003871437969643621
10_37_531344,0.806,0.5301917608846728,True,0.04734314381194127
10_37_531348,0.772,0.3943304359376169,True,0.04014390918913213
10_37_531354,0.926,0.305176616202413,True,0.07988559952177754
10_37_531370,0.713,0.32157992636001415,True,0.030518958916055383
10_37_531373,0.485,0.523258200520503,False,-0.002292043541571198
10_37_531422,0.498,0.44178953605915083,False,-0.0002022212767798237
10_37_531425,0.81,0.3234978804764857,True,0.048834067900239475
10_37_531432,0.741,0.3660182361795414,True,0.035169539648316483
10_37_531439,0.903,0.4162338127982551,True,0.07360073542819712
10_37_531486,0.91,0.6174167720544482,True,0.0758601939621103
10_37_531491,0.693,0.32565172184510716,True,0.027719663518699922
10_37_531501,0.91,0.3625677664423948,True,0.07607056206086826
10_37_531502,0.677,0.4436825832472731,True,0.025143650599061096
10_37_531527,0.762,0.47793740632460363,True,0.038149928072721884
10_37_531536,0.594,0.3317642836858949,True,0.012725903553305606
10_37_531537,0.834,0.2752029309299691,True,0.055037484537645676
10_37_531543,0.375,0.5760712455637884,False,-0.01718732582655358
10_37_531552,0.619,0.4318855624856344,True,0.01670781642636443
10_37_531558,0.503,0.48760651271876554,True,0.0002721071743331249
10_37_531560,0.362,0.4272999720399816,False,-0.020333682582576618
10_37_531576,0.6,0.4034925558033566,True,0.013531605455061935
10_37_531586,0.826,0.4505187336459342,True,0.05275692793842235
10_37_531614,0.97,0.39459383727264463,True,0.11058739981095878
10_37_531617,0.538,0.39709406985822066,True,0.004744338923883595
10_37_551394,0.871,0.9771178387471561,True,0.06340194409187794
10_37_552180,0.9,0.3778608684587523,True,0.07336696425590439
10_37_552186,0.301,0.24138222052058045,False,-0.03019112594382123
10_37_552198,0.649,0.27991272687146823,True,0.020918153696792396
10_37_552234,0.588,0.25371542246478707,True,0.01228614135668249
10_37_552301,0.389,0.341289359061977,False,-0.015431550037692476
10_37_552343,0.456,0.3414008032030019,False,-0.005941761954360469
10_37_552377,0.617,0.3897819221646192,True,0.01636967750750129
10_37_552411,0.531,0.46039217156305323,True,0.00405740770559504
10_37_552417,0.983,0.43196133557193034,True,0.12409470830816116
10_37_761147,0.79,0.2627723656661428,True,0.042461962089987426
10_37_770938,0.524,0.1434323531326602,True,0.002860208903202155
10_37_800383,0.612,0.19612864960825116,True,0.015674595876075448
10_37_800595,0.811,0.19063873981836107,True,0.05035282480192105
10_37_800964,0.91,0.23414374881918298,True,0.0754813009282943
10_37_801138,0.964,0.17650926823090612,True,0.10425508016645357
10_37_810100,0.898,0.20252726422123546,True,0.07255880286145855
10_37_810193,1.0,0.17922141344724402,True,0.22068052132486493
10_37_880370,0.623,0.3466635003170948,True,0.017303644543143593
10_37_880373,0.999,0.2339002907459491,True,0.17540584566887907
10_37_880375,0.978,0.29119234716958514,True,0.11780580122904705
10_38_1331229,0.954,0.22208711228292985,True,0.09784534449862814
10_38_1340238,0.381,0.5033961303000906,False,-0.01653632494278412
10_38_1340276,0.217,0.3360330351623219,False,-0.0443171069441437
10_38_1361049,0.225,0.43043807621116037,False,-0.04201210813313816
10_38_1361063,0.845,0.26043379238185216,True,0.05782708886336674
10_38_1361064,0.79,0.31909891867173285,True,0.04266067083144376
10_38_1361096,0.426,0.22915582606587512,False,-0.01027904059215734
10_38_1361109,0.943,0.49872622348535717,True,0.08943512363131179
10_38_1361119,0.647,0.40266654206712466,True,0.020287320997422587
10_38_1361123,0.554,0.5265895953277228,True,0.008130430802141486
10_38_1361129,0.363,0.26730053358699407,False,-0.020059742955905735
10_38_1361133,0.806,0.2681587567891691,True,0.04743639723537074
10_38_1361149,0.813,0.2639254813384039,True,0.05099910117232398
10_38_1361150,0.677,0.4005590969809019,True,0.025115680374882765
10_38_1361190,0.888,0.395818172881622,True,0.0684405507033583
10_38_1450352,0.986,0.39993216218798405,True,0.12795229183635748
10_38_1450381,0.962,0.28783391220275784,True,0.10393914349653899
10_38_1450405,0.686,0.46752870824419546,True,0.02685342003904545
10_38_1450431,0.305,0.39809402077462747,False,-0.02993240092069871
10_38_1450491,0.6,0.3819432506661132,True,0.0136064729635893
10_38_1450531,0.6,0.2907757760675164,True,0.013618886205298497
10_38_1450538,0.619,0.27086553816811215,True,0.016862487845731522
10_38_1450566,0.619,0.2745526062584279,True,0.016926570859697843
10_38_1450603,0.83,0.4379723468066906,True,0.05389566075904906
10_38_1450635,0.896,0.3997795235594338,True,0.07167040552737636
10_38_1450646,0.691,0.4161072240499225,True,0.02738893394780706
10_38_1450652,0.913,0.46407041122816395,True,0.07682575376878209
10_38_1661091,0.281,0.20061802254646663,False,-0.032339241218704684
10_38_1661156,0.995,0.21758187606290905,True,0.15766576959369483
10_38_1661804,0.952,0.19686270166195288,True,0.09737035077437506
10_38_1670416,0.297,0.17619590978672173,False,-0.030526667362948068
10_38_1691055,0.258,0.2054622029718549,False,-0.036658241255861146
10_38_1691296,0.887,0.18871789339348313,True,0.06815301594188294
10_38_1700353,0.526,0.2168443518762008,True,0.003085674489737178
10_38_1700454,0.931,0.342383735685809,True,0.0811237218967974
10_38_1700465,0.794,0.2932263574352634,True,0.04395074993254677
10_38_1700553,0.981,0.2459740252043304,True,0.12221937955295781
10_38_1700577,0.98,0.2705675048982579,True,0.11980284524454576
10_39_2220707,0.76,0.37958534240770464,True,0.037989768866987794
10_39_2220809,0.267,0.4494925764079171,False,-0.03494392029356841
10_39_2220829,0.649,0.4589631517658677,True,0.021198511261480535
10_39_2220890,0.979,0.35069596905035166,True,0.1182451193429066
10_39_2220916,0.333,0.3006975799478648,False,-0.02530472993344013
10_39_2220938,0.725,0.4395658460206138,True,0.03200794305363541
10_39_2220948,0.741,0.31997287756112014,True,0.035240770382645725
10_39_2220956,0.614,0.34283620953351174,True,0.015779959242370523
10_39_2220988,0.422,0.3851123643459228,False,-0.010884878876908921
10_39_2221009,0.54,0.3423548796471312,True,0.005216377190935706
10_39_2221014,0.987,0.39370334167576776,True,0.13287356152990615
10_39_2221039,0.531,0.39086181487647365,True,0.004123159092970785
10_39_2221052,0.482,0.42864925569017315,False,-0.002568610112740899
10_39_2221068,0.875,0.49668097817993034,True,0.06537872168224979
10_39_2221076,0.818,0.3544490911005982,True,0.051459147967327534
10_39_2221081,0.811,0.5101956366866632,True,0.049292321552339535
10_39_2241300,0.047,0.5723004979329024,False,-0.09842188296674181
10_39_2241316,0.833,0.3851554151195286,True,0.05445990367049458
10_39_2241323,0.78,0.41328931187627893,True,0.04128335515331705
10_39_2241362,0.539,0.42391649887647237,True,0.005097014491998508
10_39_2241365,0.801,0.4232771566125979,True,0.04594045844269645
10_39_2241384,0.993,0.5048257632391283,True,0.14331961370879143
10_39_2241387,0.65,0.32084806982232394,True,0.021648293468819135
10_39_2241418,0.92,0.3483438889230526,True,0.07866811553424857
10_39_2241492,0.812,0.22018327773281807,True,0.050724538301185285
10_39_2241495,0.503,0.4581030117040641,True,0.0005934157648265215
10_39_2241513,0.995,0.336217431970087,True,0.15602886336785748
10_39_2241538,0.494,0.3666680666204755,False,-0.0005179682994709278
10_39_2241545,0.773,0.30179119627120865,True,0.04029629722364425
10_39_2241565,0.67,0.3716507035337281,True,0.024159800444802815
10_39_2330953,0.567,0.3465976106434274,True,0.010001271821230229
10_39_2420144,0.03,0.8540045675722088,False,-0.11734679483332999
10_39_2440292,0.214,0.24834403498182925,False,-0.044852201699773
10_39_2440376,0.977,0.18409142051539487,True,0.11649554373398185
10_39_2460994,0.553,0.39554937546468166,True,0.007749082913541039
10_39_2540223,1.0,0.20085916171194698,True,0.1865596410928746
10_39_2540260,0.696,0.23260471679214803,True,0.028402000454071152
10_39_2540552,0.941,0.2148687456497371,True,0.08914372574171336
10_39_2540593,0.925,0.4295705565221712,True,0.07961417692501283
10_39_2550417,0.952,0.20118824362117058,True,0.09725190094965819
10_39_2570688,0.946,0.3052169180197213,True,0.0921661035970911
10_39_2580179,0.957,0.20614858961193094,True,0.09918617146900344
10_39_2580238,0.782,0.5014613466231977,True,0.04165725894724914
10_40_2990474,0.402,0.5327181776111612,False,-0.014085133801683636
10_40_2990498,0.872,0.21488114897127603,True,0.06372688503744128
10_40_2990515,0.56,0.38364711980266103,True,0.00872554467444897
10_40_2990540,0.81,0.3571045302204326,True,0.04853267149508467
10_40_2990574,0.913,0.5854161644961586,True,0.07688693223672305
10_40_2990575,0.347,0.5329188229977422,False,-0.023536138827371822
10_40_2990577,0.741,0.3735959773649079,True,0.03519966172283062
10_40_2990610,0.481,0.4325098978599305,False,-0.0026300055180263904
10_40_2990611,0.932,0.3942485111321663,True,0.08140124439434471
10_40_2990615,0.611,0.2806965421888757,True,0.015050205389844473
10_40_2990630,0.635,0.3636171732334758,True,0.0186067975869596
10_40_2990641,0.56,0.489312793418213,True,0.009113714051478539
10_40_2990643,0.397,0.5292522999781415,False,-0.014660276131208239
10_40_2990681,0.635,0.5622042967502906,True,0.018569563199816064
10_40_2990689,0.475,0.2895596059059404,False,-0.0030048226213210683
10_40_2990699,0.949,0.40861038266413535,True,0.09574442060927879
10_40_2990718,0.838,0.466967888503179,True,0.05604396962930447
10_40_2990721,0.608,0.33704348753849517,True,0.01450607747524102
10_40_2990756,0.759,0.40446738263021326,True,0.03780792498253327
10_40_3011093,0.983,0.37116399218494966,True,0.12366332715432293
10_40_3011133,0.968,0.30877929857459513,True,0.10903674410773578
10_40_3011251,0.888,0.2772680961768758,True,0.06830682325756654
10_40_3011267,0.816,0.36634554275229564,True,0.05120923952673939
10_40_3011282,0.425,0.3617680287551805,False,-0.010565316835502214
10_40_3011347,0.225,0.47504736424398897,False,-0.041722784284843106
10_40_3011363,0.488,0.25163665899488297,False,-0.0018153594184231459
10_40_3100777,0.412,0.43340249831139666,False,-0.012952123209230448
10_40_3100808,0.623,0.49246654196969847,True,0.01747733088233383
10_40_3100901,0.659,0.21023359374894443,True,0.023011706612757754
10_40_3310634,0.752,0.1939330593707938,True,0.03684384276443775
10_40_3310720,0.961,0.2714133565596904,True,0.1030358217842059
10_40_3310721,0.977,0.43166197100076675,True,0.11521717275744059
10_40_3310761,0.771,0.20690797404709468,True,0.03980932082043842
10_40_3310866,0.492,0.2423802845375059,False,-0.001252028255193549
10_40_3311052,0.968,0.19869460569128566,True,0.10882287697107584
10_40_3320500,0.878,0.24588520367971686,True,0.06639087410294231
10_40_3320527,0.981,0.2064356716476025,True,0.12213268233695185
10_40_3330826,0.462,0.45954878493755263,False,-0.004970658742830869
10_40_3340841,0.689,0.4230255382188116,True,0.02719921762592903
10_40_3350387,0.952,0.17153581264801976,True,0.09748578399462848
10_40_3350398,0.948,0.28409950573463133,True,0.09398196852019114
4_13_350477,0.762,0.43233417807093777,True,0.03844008801725385
4_13_350721,0.387,0.7206131975501869,False,-0.015771973712012777
4_13_350888,0.91,0.4098553514245929,True,0.07551029309871804
4_13_350955,0.899,0.2914596001836868,True,0.07309888690838207
4_13_362053,0.881,0.3667706433288786,True,0.06726821540529682
4_13_370315,0.9,0.2885354645914899,True,0.07344549651502319
4_13_370316,0.789,0.4293181732392426,True,0.04228147550530581
4_13_370328,0.766,0.25030352371579956,True,0.038831042701694574
4_13_370376,0.412,0.3734247215073672,False,-0.012869635657930756
4_13_370444,0.539,0.34171782295538833,True,0.005026739594396701
4_13_370452,0.898,0.3989857045297873,True,0.07211726529522822
4_13_370460,0.357,0.354074881108808,False,-0.021744303258401265
4_13_370495,0.947,0.44991609187619286,True,0.09311325050402763
4_13_370525,0.686,0.27983288459477423,True,0.026788757337365965
4_13_370543,0.87,0.2859123553079597,True,0.06323069362914513
4_13_370551,0.903,0.448662767636509,True,0.07394631914043681
4_13_370556,0.602,0.40638083202703884,True,0.013779220990457586
4_13_441642,0.802,0.2871138278507343,True,0.0464168432169495
4_13_441756,0.841,0.3831948987463846,True,0.05683483750079388
4_13_441802,0.986,0.2570485725138475,True,0.1279858341251795
4_13_441829,0.089,0.4376267229988018,False,-0.07444511105523044
4_13_441840,0.957,0.23258870793913153,True,0.09978512094143077
4_13_441941,0.47,0.36930461846713275,False,-0.0037892784733761786
4_13_441944,0.331,0.30317799563516384,False,-0.025694082868424672
4_13_441999,0.836,0.3578155932257841,True,0.05539693258023093
4_13_442000,0.734,0.26908353047077693,True,0.03397223044309727
4_13_442006,0.739,0.3833235953794453,True,0.034944098529172574
4_13_450236,0.79,0.45782081596509844,True,0.042425328764420955
4_13_450248,0.842,0.3785116904940308,True,0.057078445232256914
4_13_450296,0.391,0.40119838309169,False,-0.015195777833894697
4_13_450306,0.874,0.34682705124781155,True,0.06459958624722684
4_13_450310,0.62,0.20707095269559364,True,0.017116192459111446
4_13_450323,0.516,0.4799838460747799,True,0.002149588111675982
4_13_450334,0.894,0.3812721562738334,True,0.07133833440347681
4_13_450341,0.795,0.40947153406938797,True,0.04423799550621432
4_13_450342,0.061,0.3215226364302428,False,-0.08701895746967381
4_13_450346,0.687,0.48881218380947034,True,0.026931152975654626
4_13_450349,0.699,0.3844483866754747,True,0.028829231798219723
4_13_450356,0.791,0.21186565258448806,True,0.043382810942297456
4_13_450369,0.61,0.2356000452169328,True,0.014919387699026343
4_13_450393,0.277,0.3875652541234607,False,-0.033168779620712296
4_13_450395,0.836,0.41718106132063437,True,0.055345441023869846
4_13_450416,0.812,0.4238496923576702,True,0.05071847300298371
4_13_450426,0.349,0.26436864638059265,False,-0.02309920374926766
4_13_450496,0.506,0.8119943212977254,True,0.0010025418300759759
4_13_450526,0.412,0.3596792477756553,False,-0.012843137805727434
4_13_450567,0.992,0.49459600445353397,True,0.14111849757848194
4_13_450659,0.357,0.3768879265306595,False,-0.021702215290672067
4_13_450812,0.725,0.3972415012388003,True,0.03191163756652682
4_13_460732,0.248,0.5756625364917739,False,-0.037929661447913876
4_13_462668,0.991,0.3847503055946664,True,0.13948826022812866
4_13_470286,0.987,0.360803684794941,True,0.1306882323761802
4_13_470394,0.725,0.4416910396359041,True,0.03191080873205454
4_13_470409,0.481,0.3581497380588121,False,-0.0026121372031302492
4_13_470433,0.64,0.3722692553231686,True,0.01912915604998977
4_13_470465,0.108,0.41391591699845215,False,-0.06911569108030324
4_13_470560,0.939,0.4229961844195052,True,0.08602947426722485
4_13_470616,0.986,0.3549594682750397,True,0.12893113365154296
4_13_470622,0.907,0.5173675942330326,True,0.07467553186399101
4_13_470658,0.654,0.49891953940679923,True,0.022591597389247098
4_13_470667,0.6,0.2994110834541003,True,0.013462106071497781
4_13_470687,0.94,0.43685554754732236,True,0.08877464865963347
4_13_470688,0.602,0.350406255781011,True,0.013832101812681463
4_13_470695,0.322,0.4340642026351338,False,-0.02705255452579247
4_13_470706,0.992,0.2720147067952266,True,0.14103383206344144
4_13_470719,0.922,0.3922538569833283,True,0.07896677366505034
4_13_470722,0.617,0.35359642014148407,True,0.016284343174557403
4_13_470724,0.767,0.39244708268064155,True,0.038909687677408655
4_13_470727,0.619,0.3916272387698388,True,0.016640447963742866
4_13_470732,0.464,0.2597871304604849,False,-0.0045627360000790596
4_13_470755,0.681,0.4201974130049854,True,0.02604464064132206
4_13_470762,0.835,0.3956487152406196,True,0.0551896009327284
4_13_470773,0.594,0.40665066027377167,True,0.012680511144414597
4_13_470779,0.825,0.40777307167701937,True,0.05247788890638161
4_13_470783,0.617,0.49249208266628275,True,0.01628983281068974
4_13_470789,0.979,0.22980769700978737,True,0.11877309635576205
4_13_470808,0.641,0.40038063666160595,True,0.019303378300253082
4_13_470811,0.881,0.24892480472652226,True,0.06713478868769784
4_13_470833,0.929,0.3323380202116036,True,0.08059828743721076
4_13_470836,0.741,0.3548858690457899,True,0.035169300292673955
4_13_470863,0.595,0.4846036576386919,True,0.012927804117062958
4_13_470885,0.81,0.4049487296282527,True,0.04844507384770125
4_13_470893,0.396,0.45373050665588616,False,-0.014744932422957158
4_13_470912,0.889,0.4173427003795091,True,0.06978364698945949
4_13_470936,0.243,0.2931155072101638,False,-0.03887931382816667
4_13_470981,0.4,0.2354389146507075,False,-0.014255885098101606
4_13_471009,0.503,0.2441952098013715,True,0.0004423518340268551
4_13_471011,0.369,0.4240288559143033,False,-0.018951566141811593
4_13_471022,0.579,0.24720233652058649,True,0.01098971116223979
4_13_471026,0.25,0.4843894777794755,False,-0.037643292615227475
4_13_471103,0.915,0.6234713601360021,True,0.07736906251848119
4_13_471112,0.527,0.1860263399282621,True,0.0032576183106624024
4_13_471115,0.943,0.38861306964779024,True,0.08975396436251881
4_13_471158,0.405,0.2584845140376395,False,-0.01394900542693378
4_13_471182,0.512,0.3130616542858473,True,0.0015217015862369898
4_13_471186,0.705,0.3416956814919209,True,0.029600552936038027
4_13_471188,0.957,0.32630083708760954,True,0.10063548703310377
4_13_471266,0.823,0.3300775731930336,True,0.052247328003954374
4_13_471285,0.992,0.32511023607826417,True,0.1402323933774673
4_13_541314,0.983,0.2636523688783492,True,0.12462887905384312
4_13_541455,0.737,0.198671832161086,True,0.03464636937674237
4_13_541553,0.872,0.2336792169732877,True,0.06363334133335063
4_13_550127,0.733,0.2560014311626246,True,0.03376398714970652
4_13_571047,0.993,0.38580965254853106,True,0.14536657775715356
4_13_571283,0.995,0.21042651960876713,True,0.15178762095410303
4_13_571353,0.999,0.26723859818181434,True,0.17552772358196922
4_13_640437,0.979,0.2211304985311808,True,0.11843008679551836
4_13_641012,0.995,0.25363515087142186,True,0.15407506808394056
4_13_641105,0.716,0.2264435765668795,True,0.030745076318771325
4_13_671685,0.837,0.21452330375147208,True,0.05570252238312212
4_13_671757,0.913,0.3638254492065636,True,0.07678808437969653
4_13_680677,0.995,0.20564549913549585,True,0.15089768504788537
4_13_680698,0.577,0.3041550338303909,True,0.010559041037818129
4_13_680703,0.872,0.3379962913170303,True,0.06359480796377825
4_13_680721,0.649,0.3230733823790562,True,0.020945669180721715
4_13_680742,0.891,0.3842988309175285,True,0.07017138173809712
4_13_680854,0.531,0.19534256056825125,True,0.004328485536009952
4_13_680904,0.81,0.19123374445148594,True,0.048186605203634714
4_13_760177,0.334,0.22692998222976116,False,-0.025080873006334548
4_14_1141312,0.649,0.23512335884710037,True,0.021380571406553472
4_14_1141601,0.832,0.3724199809777623,True,0.05424081831994254
4_14_1141697,0.612,0.28617245151647025,True,0.01563249809901024
4_14_1141739,0.79,0.32842321799854235,True,0.042860093041434455
4_14_1141839,0.603,0.27421332988011293,True,0.014050094665424173
4_14_1141865,0.516,0.2781708730455604,True,0.00214533192042643
4_14_1141918,0.79,0.2752098931618316,True,0.043008682735863446
4_14_1141930,0.704,0.47965609164731055,True,0.029409838948261435
4_14_1141936,0.825,0.4338922476214145,True,0.05249732426015885
4_14_1142001,0.977,0.291575996291026,True,0.1146835697815235
4_14_1142057,0.598,0.4738074537638833,True,0.013300796564641115
4_14_1142064,0.443,0.19337949413421543,False,-0.008317110593757837
4_14_1142066,0.6,0.40520489335729565,True,0.0133919370632255
4_14_1142068,0.893,0.2714903660496959,True,0.07105285994181554
4_14_1142076,0.694,0.4162163378354733,True,0.027870625268573757
4_14_1142096,0.417,0.39380237541136043,False,-0.011794541951781534
4_14_1142099,0.94,0.22457036788338874,True,0.08828343527541971
4_14_1142126,0.354,0.37651271795156466,False,-0.022203337395898082
4_14_1142171,0.196,0.3891080413032646,False,-0.04794387634127251
4_14_1142179,0.327,0.3672226277451019,False,-0.026464709014237586
4_14_1150162,0.269,0.40929541453253115,False,-0.03404410085176002
4_14_1150175,0.357,0.6131897328170328,False,-0.021718917178762398
4_14_1150247,0.058,0.4835559594398681,False,-0.0885077767893907
4_14_1150256,0.115,0.4109106402936604,False,-0.06689660394288488
4_14_1150265,0.605,0.3598917483481825,True,0.014400545934648346
4_14_1150267,0.566,0.8907622376028936,True,0.009692812736211254
4_14_1150275,0.837,0.3626035192737817,True,0.05577806950583619
4_14_1150298,0.833,0.37053296484796366,True,0.054312611958823864
4_14_1150314,0.893,0.45058560982011264,True,0.07025864267644633
4_14_1150342,0.992,0.4711241869772341,True,0.1414516089951099
4_14_1150471,0.498,0.3809745849136557,False,-0.00015814628605048675
4_14_1150532,0.88,0.36090786973349687,True,0.06687896022461515
4_14_1240891,0.719,0.27725523887616865,True,0.03123194901859494
4_14_1240912,0.466,0.24540452657376705,False,-0.004302895697785969
4_14_1240920,0.881,0.33411134052231006,True,0.06722053960626473
4_14_1240974,0.94,0.39161088930405863,True,0.08758916247365434
4_14_1240997,0.881,0.4736831853323953,True,0.06708096463990942
4_14_1241024,0.681,0.47450742681070496,True,0.0258545275006411
4_14_1241085,0.78,0.3569606983670096,True,0.041518993933151394
4_14_1241098,0.457,0.39124006754554086,False,-0.005643393617209114
4_14_1241110,0.93,0.39976110338438686,True,0.08101541542615343
4_14_1241182,0.726,0.31091651482241267,True,0.03231902119629626
4_14_1241209,0.548,0.3431066606407708,True,0.006545313505345485
4_14_1241258,0.766,0.21036297170551702,True,0.038813824374033135
4_14_1241268,0.1,0.6079502900641617,False,-0.07114646300002359
4_14_1250049,0.348,0.4826507419167731,False,-0.023265447234028347
4_14_1262093,0.889,0.4716584868840928,True,0.06963341873017526
4_14_1262188,0.602,0.2574762971994655,True,0.013728974638737124
4_14_1262217,0.445,0.7221533590822097,False,-0.007686434417250476
4_14_1262277,0.996,0.30174129609212685,True,0.16341815331849607
4_14_1262278,0.843,0.3185123180931166,True,0.057619016562537095
4_14_1262294,0.743,0.39277862985945106,True,0.035381292267306574
4_14_1262308,0.417,0.4234238958128217,False,-0.01176310311164297
4_14_1262318,0.651,0.4463989592555781,True,0.021933816380284576
4_14_1262322,0.932,0.5353698681389818,True,0.08202320892360437
4_14_1262326,0.775,0.3800251755780978,True,0.04068095708037567
4_14_1262340,0.843,0.42719232418243613,True,0.057464146717670084
4_14_1262355,0.617,0.2643231455793295,True,0.016152267413842125
4_14_1262361,0.425,0.23655025145800312,False,-0.010431088396583243
4_14_1262363,0.264,0.40039040128091524,False,-0.03545619852220505
4_14_1262365,0.926,0.26552929288623756,True,0.07974434476383052
4_14_1262368,0.401,0.4374006138108885,False,-0.014238324690935888
4_14_1262381,0.264,0.20080885214326002,False,-0.035955897059812614
4_14_1262405,0.797,0.34193123246583246,True,0.04474688252867187
4_14_1262410,0.903,0.41565736079303645,True,0.07369561654862145
4_14_1262411,0.737,0.43638781332729887,True,0.03464418112069767
4_14_1262443,0.888,0.3700691905894465,True,0.06828337194227452
4_14_1262459,0.968,0.43252625295361735,True,0.10828894347542484
4_14_1262464,0.982,0.3028408933579766,True,0.12346834827007191
4_14_1262467,0.881,0.4159968266722604,True,0.06714290408233514
4_14_1262485,0.257,0.33428574366581343,False,-0.036902766557703304
4_14_1262497,0.952,0.3968028170325557,True,0.09659553944790067
4_14_1262504,0.946,0.2580768807827095,True,0.09215822996102074
4_14_1262507,0.987,0.30941502660556086,True,0.13231204433123256
4_14_1262527,0.672,0.31429657490589286,True,0.024437298276188457
4_14_1262543,0.414,0.47816969065945814,False,-0.012237501572886167
4_14_1262549,0.954,0.2913345953106445,True,0.09811871350189538
4_14_1262562,0.281,0.2813179372547387,False,-0.03243480317897518
4_14_1262570,0.36,0.24747732385243587,False,-0.020438939090853925
4_14_1262572,0.603,0.327599705462365,True,0.014033627990932551
4_14_1262581,0.546,0.2980971788545158,True,0.005857011395040135
4_14_1262582,0.845,0.38669036409775,True,0.05797008224965139
4_14_1262589,0.658,0.4884444010924923,True,0.023000846372040473
4_14_1262599,0.968,0.38416874933757456,True,0.10755715228200524
4_14_1262601,0.259,0.4260092418168101,False,-0.03651394072531966
4_14_1262602,0.412,0.30049739764734656,False,-0.01278589821050935
4_14_1262608,0.957,0.3934238420989723,True,0.10024899931985087
4_14_1262612,0.445,0.39595872872834653,False,-0.008149275694530944
4_14_1262613,0.509,0.39221719361617735,True,0.0012679902428763823
4_14_1262614,0.838,0.39366626555124234,True,0.05599029631707397
4_14_1262626,0.115,0.38345491260036363,False,-0.06702035867231837
4_14_1262628,0.934,0.2694406648297525,True,0.08275728532775051
4_14_1262629,0.791,0.4281438948799285,True,0.04302234997352439
4_14_1262633,0.869,0.42461516649336456,True,0.06273318856497456
4_14_1262634,0.515,0.43066549949950017,True,0.0019057348321327439
4_14_1262643,0.677,0.6158074187230657,True,0.02491993117872182
4_14_1262644,0.696,0.38407887477466807,True,0.028253886266458417
4_14_1262650,0.968,0.26150035850605996,True,0.10653621389941526
4_14_1262667,0.696,0.23546971615056206,True,0.028198582088775792
4_14_1262676,0.946,0.35463127277508333,True,0.09236930606932203
4_14_1262719,0.595,0.46576348792644573,True,0.012931694950709782
4_14_1262754,0.807,0.29318489147111687,True,0.04773093860771771
4_14_1262771,0.293,0.47713000195646865,False,-0.030823887528367067
4_14_1270135,0.666,0.31955793986473613,True,0.02356724057828019
4_14_1270148,0.731,0.3945699750094577,True,0.03330460482201836
4_14_1270153,0.952,0.37094798366488957,True,0.09702431243333043
4_14_1270159,0.411,0.4075954085205845,False,-0.013139952304271674
4_14_1270176,0.891,0.6036335554409605,True,0.07017221056919887
4_14_1270192,0.541,0.2698881477537094,True,0.005353249866811516
4_14_1270197,0.917,0.2845997112047743,True,0.07768421252182212
4_14_1270223,0.79,0.3842841332659516,True,0.04234654296106832
4_14_1270268,0.771,0.5226423660841596,True,0.039792103868837136
4_14_1270496,0.79,0.4576693292007869,True,0.042670414429659576
4_14_1270516,0.21,0.2628101213665148,False,-0.045923923496003605
4_14_1270557,0.201,0.5495185662780762,False,-0.04734840477912705
4_14_1330553,0.898,0.2626480860993539,True,0.07277281355728238
4_14_1331207,0.225,0.5232167967071601,False,-0.04168517236335245
4_14_1361441,0.202,0.2663457951430342,False,-0.04692365214348837
4_14_1361579,0.457,0.35479965970711347,False,-0.005465066985112843
4_14_1361611,0.208,0.27534932975538046,False,-0.046187629388451557
4_14_1361701,0.374,0.287440304322085,False,-0.017617705122349392
4_14_1361729,0.178,0.5694524829737602,False,-0.05077045287911197
4_14_1370097,0.861,0.42569826978952785,True,0.061235444448566434
4_14_1391250,0.089,0.656819515565727,False,-0.07421656808626853
4_14_1460287,0.048,0.8821486489925872,False,-0.09746192159032763
4_14_1461409,0.828,0.24443987647864487,True,0.05367485748592027
4_14_1461445,0.996,0.2889601772157783,True,0.1668250755542543
4_14_1461570,0.551,0.25537509382868784,True,0.007054964717440271
4_14_1461706,0.827,0.2719754584533586,True,0.05345958730974043
4_14_1461748,0.61,0.3722162570957158,True,0.014730265995356762
4_14_1470131,0.483,0.3291474650691077,False,-0.0025614029508498337
4_14_1470437,0.968,0.18640285869958814,True,0.1073481721363505
4_14_1570308,0.948,0.29726548715817125,True,0.09375370208357503
4_14_1570321,0.737,0.1895391114560332,True,0.0346782229672411
4_15_1942174,0.948,0.418737315380979,True,0.09442465943886436
4_15_1950269,0.823,0.42388460484894575,True,0.052153982525190434
4_15_1950281,0.881,0.5294056789367088,True,0.06736824251499185
4_15_1950314,0.91,0.3081833111163467,True,0.07565254044653935
4_15_1950333,0.488,0.2904642006729013,False,-0.0020413068354963038
4_15_1950375,0.771,0.44134054384139987,True,0.03982986034103431
4_15_1950393,0.949,0.30053909513365623,True,0.09565968908580791
4_15_1950403,0.934,0.47956432368718266,True,0.0826306381189722
4_15_1950465,0.791,0.25418938358073023,True,0.04307994646208391
4_15_1950481,0.91,0.49800074840708203,True,0.07588598160974291
4_15_1950510,0.815,0.37830514045774266,True,0.05114739967958304
4_15_1950530,0.529,0.35141797510897976,True,0.003650084163315692
4_15_1961738,0.835,0.3373080393832588,True,0.05519257085306695
4_15_1970377,0.651,0.3901992709868811,True,0.02220213003979199
4_15_1970417,0.835,0.226347311745067,True,0.055316869287859505
4_15_2040883,0.379,0.5236587440362359,False,-0.01690955904083946
4_15_2041470,0.734,0.38321391313822784,True,0.03396198938003625
4_15_2041482,0.411,0.3146217879570421,False,-0.01310782550018752
4_15_2041497,0.738,0.2556239720246381,True,0.03486131852244789
4_15_2041499,0.925,0.46829080824074915,True,0.07947263494767731
4_15_2041576,0.552,0.5441106571545247,True,0.0073470786163475355
4_15_2041627,0.943,0.47272267692919484,True,0.08965623453075411
4_15_2041637,0.826,0.40934182968894745,True,0.05301744056226387
4_15_2041648,0.277,0.3646339244750154,False,-0.03324148237117286
4_15_2041657,0.793,0.41058397872269775,True,0.04363067791126207
4_15_2041659,0.699,0.3289052718311588,True,0.028726833435251398
4_15_2041681,0.78,0.2993486785932581,True,0.041545814909860534
4_15_2041691,0.851,0.7140605486307519,True,0.059586353121932056
4_15_2041693,0.893,0.2819354364928438,True,0.07069594134619761
4_15_2041704,0.573,0.3201567752958493,True,0.010277849179548104
4_15_2041706,0.704,0.20065877660565593,True,0.02945711841165055
4_15_2041726,0.186,0.2856014946772283,False,-0.04978628472870095
4_15_2050057,0.872,0.3693242882434728,True,0.06357873265718228
4_15_2050065,0.464,0.3727897156289147,False,-0.00472086657474402
4_15_2050075,0.713,0.4035935592441309,True,0.030517404714343388
4_15_2050076,0.541,0.4162997362770817,True,0.0053002304430574965
4_15_2050152,0.812,0.43965450746259366,True,0.050955849557459465
4_15_2050191,0.641,0.38203406472906754,True,0.019336056326338058
4_15_2050197,0.936,0.4085011858126207,True,0.08473013027153187
4_15_2050235,0.94,0.40883979753798017,True,0.08635360837659167
4_15_2050238,0.682,0.506062221990192,True,0.02611592339290869
4_15_2050241,0.759,0.22818615102307244,True,0.037801486760791314
4_15_2050272,0.802,0.20324515506572852,True,0.04646198049216743
4_15_2050281,0.717,0.337823587070607,True,0.030954884108102765
4_15_2050313,0.769,0.35742907284266145,True,0.03912608395759354
4_15_2062576,0.531,0.24339667368711085,True,0.004100820351353285
4_15_2062592,0.699,0.3808482169973991,True,0.02875755037518224
4_15_2062673,0.746,0.2668906491335073,True,0.03642659596290643
4_15_2062698,0.359,0.3487855472034969,False,-0.020937796974218603
4_15_2070258,0.94,0.4469144352749044,True,0.0878008802311937
4_15_2070373,0.78,0.5091280780438628,True,0.041482763205645146
4_15_2070403,0.647,0.41448707515423855,True,0.020159874456304405
4_15_2070414,0.562,0.5143433924523778,True,0.009398016254651753
4_15_2070418,0.729,0.35957754233603345,True,0.03253254433803798
4_15_2070437,0.833,0.35012392139785625,True,0.05458756462769476
4_15_2070442,0.142,0.19602973959012393,False,-0.05887220597159981
4_15_2070452,0.433,0.30144772394330166,False,-0.009371428418104788
4_15_2070453,0.44,0.3549866672959831,False,-0.008431568990654226
4_15_2070454,0.953,0.4189666915897695,True,0.09772005563292863
4_15_2070470,0.745,0.5359233705529031,True,0.03557452274366646
4_15_2070472,0.249,0.43395758126681605,False,-0.037857112751768174
4_15_2070482,0.427,0.3387126121429368,False,-0.010109534704549228
4_15_2070494,0.872,0.28018985948950687,True,0.06419487516979472
4_15_2070501,0.125,0.49389448276496145,False,-0.06237349898466915
4_15_2070516,0.292,0.25030811251176766,False,-0.030969265085656117
4_15_2070519,0.791,0.27851955080001545,True,0.04332170265634394
4_15_2070524,0.617,0.39774294937777427,True,0.01646072837749102
4_15_2070535,0.77,0.4386498203306234,True,0.03948258586394737
4_15_2070539,0.617,0.2825639323491126,True,0.016210382308198934
4_15_2070547,0.638,0.4421308830167104,True,0.018968888116300042
4_15_2070548,0.898,0.3750854916687832,True,0.07220948726159493
4_15_2070554,0.557,0.4314896137409345,True,0.008303196320196937
4_15_2070564,0.843,0.2833207152645676,True,0.05736802462831769
4_15_2070565,0.893,0.34870726474929914,True,0.07041264007437742
4_15_2070583,0.811,0.5577900480991113,True,0.04934644362054974
4_15_2070629,0.122,0.42833992937187093,False,-0.06326082830767676
4_15_2070633,0.137,0.41190860011052777,False,-0.060007980314179754
4_15_2070635,0.827,0.3558521141350157,True,0.053440298034750144
4_15_2070637,0.392,0.33324473540546745,False,-0.015066284346626269
4_15_2070647,0.713,0.25717287867166827,True,0.030394170710677737
4_15_2070665,0.52,0.43109732806424467,True,0.0025904536931775635
4_15_2070679,0.971,0.27352793240769757,True,0.11253193609120415
4_15_2070683,0.611,0.3794848472578203,True,0.015214081922920841
4_15_2070706,0.807,0.38503981182705105,True,0.04784128947453281
4_15_2070718,0.907,0.36872885426213,True,0.07490610387207441
4_15_2070738,0.806,0.3639300232986371,True,0.04724325347366731
4_15_2070758,0.737,0.5310957807266936,True,0.03434945212709262
4_15_2070772,0.886,0.34072033009181846,True,0.06807984489801544
4_15_2070773,0.734,0.3537987102193847,True,0.03401228614273455
4_15_2070788,0.932,0.43140873369392163,True,0.08184887186409995
4_15_2070811,0.72,0.2812214771148248,True,0.03131547715963179
4_15_2070816,0.888,0.4192673576275595,True,0.0688522438068615
4_15_2070868,0.689,0.2662994172601087,True,0.027206447803875378
4_15_2070877,0.181,0.7321114194447897,False,-0.050244778433452764
4_15_2070880,0.893,0.21367624278078676,True,0.07030266618009617
4_15_2070978,0.94,0.37108722174403347,True,0.08657719796888064
4_15_2071018,0.642,0.2982074517803468,True,0.01960074751933849
4_15_2071036,0.528,0.1925650352437109,True,0.003444315586851099
4_15_2071062,0.554,0.2619599309665842,True,0.008128588953971283
4_15_2140591,0.888,0.27180146473960237,True,0.06845385289776829
4_15_2140609,0.996,0.25487869976961625,True,0.16288583563571168
4_15_2140650,0.971,0.24384305671114576,True,0.11211712583605693
4_15_2140865,0.992,0.25480754883261764,True,0.14005570958659064
4_15_2140884,0.964,0.2005922285314012,True,0.10426990829269545
4_15_2140914,0.991,0.3622582109429098,True,0.13809892140561209
4_15_2170274,0.547,0.3950821433584974,True,0.0062179816920082676
4_15_2170401,0.862,0.29658996064566256,True,0.06137168679435623
4_15_2170547,0.488,0.23366950863909247,False,-0.0019788210102293924
4_15_2170554,0.531,0.20290161093108092,True,0.004152985700144662
4_15_2230868,0.173,0.3797140334634279,False,-0.051949009348861486
4_15_2230898,0.791,0.3626519355670856,True,0.04336104523618556
4_15_2240827,0.734,0.2654191076457036,True,0.03400588306132968
4_15_2240879,0.63,0.16009636361959648,True,0.01791487573078987
4_15_2270634,0.992,0.2802199329580119,True,0.14021972457293985
4_15_2270854,0.705,0.24919555272178853,True,0.02959040601382623
4_15_2270880,0.998,0.17696975053406203,True,0.175293448519807
4_15_2270911,0.957,0.3183723624323563,True,0.09946441003902295
4_15_2271551,0.983,0.28273768056776327,True,0.12352738279263553
4_15_2271646,0.879,0.2096797876134396,True,0.06652252531430014
4_16_2741557,0.81,0.5940310530778508,True,0.04886413666218059
4_16_2741622,0.867,0.3707402540723524,True,0.06244826552603766
4_16_2741693,0.629,0.3488210684287185,True,0.017836819848610297
4_16_2741716,0.945,0.5109073224432604,True,0.09157081721101046
4_16_2741741,0.987,0.42778955533935814,True,0.13187923937938317
4_16_2741762,0.945,0.25672791721723615,True,0.09123870868342798
4_16_2741766,0.311,0.31067287552136397,False,-0.028004834590865446
4_16_2741771,0.958,0.5654270793102028,True,0.101167470421622
4_16_2741788,0.209,0.3487121778854904,False,-0.04612038609235958
4_16_2741802,0.464,0.4491093590912335,False,-0.004502746438336258
4_16_2741847,0.963,0.3651154753204864,True,0.10415834494481913
4_16_2741851,0.337,0.3164048870508855,False,-0.02467235418407987
4_16_2741866,0.445,0.29195024373108763,False,-0.007471032234333652
4_16_2741875,0.186,0.2738267023786669,False,-0.04973177495451342
4_16_2741888,0.738,0.4427403201197812,True,0.03485538464140492
4_16_2741893,0.807,0.8945306872965333,True,0.047574301621949644
4_16_2741923,0.91,0.3065744796270075,True,0.07588401566592529
4_16_2741926,0.926,0.39341808472522793,True,0.08020962008987542
4_16_2741943,0.582,0.2560707599132587,True,0.011287098200432055
4_16_2741946,0.579,0.7060292653241402,True,0.010847902469067194
4_16_2741959,0.837,0.44467657735550314,True,0.05584679389238212
4_16_2741960,0.954,0.37211692028735843,True,0.09796370482993
4_16_2741991,0.823,0.3463004111280153,True,0.05193640012905709
4_16_2741997,0.708,0.29915189658784797,True,0.02981970201515316
4_16_2742029,0.79,0.8113213024103326,True,0.042387849244994835
4_16_2742032,0.947,0.43590516826186343,True,0.09309188064028162
4_16_2742076,0.457,0.4783121969364694,False,-0.005186614270553003
4_16_2750238,0.967,0.6872931268454534,True,0.10593327298431443
4_16_2750241,0.483,0.762130845992854,False,-0.0024546699072660605
4_16_2762197,0.719,0.273299776649331,True,0.0312539355875594
4_16_2762198,0.993,0.39874393907015127,True,0.14342107644276347
4_16_2762243,0.62,0.4105020750365111,True,0.017134728107315644
4_16_2762273,0.97,0.5466036496895721,True,0.11098374846094894
4_16_2762285,0.936,0.3753970517643026,True,0.08391732280513853
4_16_2762311,0.552,0.3910810167626206,True,0.007363125437239937
4_16_2762320,0.409,0.4114482657532081,False,-0.01357935127079224
4_16_2762372,0.898,0.33717825810514634,True,0.07268340629629588
4_16_2762379,0.738,0.4828269227260642,True,0.03488886434349203
4_16_2770152,0.967,0.4646578705100443,True,0.10598041043046114
4_16_2770176,0.741,0.3940072482004379,True,0.03526121878039379
4_16_2770253,0.791,0.44043333891579006,True,0.04353671512422819
4_16_2840404,0.455,0.28035997708730437,False,-0.006059451549934591
4_16_2840430,0.932,0.6271836279107156,True,0.08151575643861664
4_16_2840438,0.957,0.40241934310318034,True,0.09947060480489667
4_16_2840439,0.823,0.542282019754601,True,0.05215474444547663
4_16_2840451,0.853,0.44596516050370516,True,0.060019717573882136
4_16_2840457,0.729,0.41085953287360033,True,0.032483036555289946
4_16_2840478,0.636,0.2547804761705535,True,0.01862751877050317
4_16_2840500,0.793,0.35967193060006386,True,0.04364904292677951
4_16_2840518,0.939,0.5510869118054661,True,0.08612262685878247
4_16_2840567,0.99,0.3965068855320705,True,0.13609419468076922
4_16_2840576,0.91,0.34631582974019265,True,0.07616224731075794
4_16_2840747,0.555,0.4143672935476892,True,0.008138203419756684
4_16_2862196,0.83,0.2751395476658868,True,0.05386554527194021
4_16_2862273,0.875,0.33938823912500593,True,0.06506769104782617
4_16_2862301,0.492,0.5121118091300543,False,-0.0008220146019712882
4_16_2862317,0.802,0.24868669926767598,True,0.04627411056518593
4_16_2862351,0.912,0.3946685287469189,True,0.07633271680160303
4_16_2862358,0.977,0.4228431061116114,True,0.1154610643545233
4_16_2862379,0.745,0.3520371807967535,True,0.03586886578477411
4_16_2862388,0.982,0.4066907113615736,True,0.1232565928895607
4_16_2862396,0.588,0.4129713144388442,True,0.012272534190410744
4_16_2862423,0.943,0.39843791326553707,True,0.08958715608071499
4_16_2862425,0.94,0.41063683564646936,True,0.08678273345703291
4_16_2862434,0.649,0.4984773113897254,True,0.02100076438098286
4_16_2862435,0.947,0.23349881553621027,True,0.09332027352490702
4_16_2862442,0.693,0.2315523010721875,True,0.027612162078033187
4_16_2862450,0.506,0.23481581118580194,True,0.0008292053996167281
4_16_2862463,0.373,0.3966321588966173,False,-0.018427685973533503
4_16_2862467,0.979,0.459982027683569,True,0.11924442831697146
4_16_2862469,0.893,0.4119301090851897,True,0.07055779750277857
4_16_2862471,0.417,0.45294533398955295,False,-0.011531506559855575
4_16_2862474,0.617,0.2620432846264203,True,0.01656953983851439
4_16_2862476,0.929,0.39560694524127604,True,0.08086995779029094
4_16_2862482,0.333,0.27373276749507086,False,-0.025298294298951918
4_16_2862483,0.977,0.2661452295648866,True,0.11452552357444534
4_16_2862496,0.843,0.38947317840510415,True,0.05737558960285416
4_16_2862513,0.536,0.3854443929053272,True,0.004740048878073888
4_16_2862521,0.635,0.362531949745816,True,0.018554895619603107
4_16_2862523,0.77,0.4046008874445824,True,0.03945258422162512
4_16_2862546,0.945,0.42385273067878876,True,0.09126261804122837
4_16_2862549,0.893,0.21433128547085437,True,0.07029894104010093
4_16_2862560,0.614,0.4211071658309745,True,0.015862454532681314
4_16_2862562,0.807,0.44089161157138657,True,0.04781414952592922
4_16_2862563,0.505,0.19116252258074928,True,0.000755043230555863
4_16_2862571,0.871,0.48970639466720206,True,0.06335239128659764
4_16_2870131,0.812,0.3212434061246718,True,0.05051685279294549
4_16_2870139,0.818,0.4316236802855427,True,0.05156121743235309
4_16_2870148,0.782,0.3469242086312377,True,0.041774618657740126
4_16_2870164,0.649,0.39534965833366087,True,0.020556230297614775
4_16_2870165,0.617,0.41872417509294885,True,0.016294983059055412
4_16_2870170,0.863,0.3811078920014784,True,0.06174259896860923
4_16_2870187,0.979,0.3906866112734686,True,0.1193066103969267
4_16_2870191,0.333,0.3725659936261534,False,-0.025190642707597855
4_16_2870249,0.764,0.33600405439928066,True,0.03870052472122709
4_16_2870291,0.777,0.43539778087321374,True,0.040862300132195606
4_16_2870304,0.586,0.6219134554148253,True,0.0116545694478708
4_16_2870308,0.619,0.27146071872144234,True,0.016973422434452767
4_16_2870323,0.81,0.4255028395795328,True,0.048115460154450895
4_16_2870325,0.841,0.33130655343917836,True,0.056878824103893666
4_16_2870328,0.93,0.37313512342005406,True,0.08100300830332874
4_16_2870376,0.853,0.4627724762509866,True,0.060159974446135855
4_16_2870379,0.609,0.7171327855817755,True,0.01470121561755
4_16_2870418,0.941,0.4746845323481822,True,0.0891763847886331
4_16_2870427,0.634,0.795433335699631,True,0.018412386643278378
4_16_2870431,0.994,0.2919276458836034,True,0.15055501305289454
4_16_2870439,0.413,0.42400264485770817,False,-0.01256391226326059
4_16_2870445,0.863,0.4100672537477773,True,0.061759572603668045
4_16_2870448,0.968,0.25772891150918537,True,0.10651902119610746
4_16_2870467,0.379,0.4896994949117923,False,-0.016812192095400524
4_16_2870469,0.977,0.30429582412619355,True,0.1148876068428839
4_16_2870488,0.934,0.3189379805855926,True,0.08281135892813041
4_16_2870501,0.526,0.7369141090234055,True,0.0030108711829527346
4_16_2870558,0.553,0.3164318769209214,True,0.007754382457565212
4_16_2870571,0.943,0.586175234328409,True,0.08980645358407036
4_16_2870572,0.628,0.4275643727828877,True,0.017724824246550197
4_16_2870577,0.702,0.33488103311262224,True,0.029030351662093667
4_16_2870614,0.898,0.1896585145979003,True,0.07260008396015805
4_16_2870622,0.805,0.26257859690342994,True,0.046936099581705526
4_16_2870635,0.81,0.3859872271198558,True,0.048226548662658186
4_16_2970458,0.244,0.3605819349953304,False,-0.03875040304506494
4_16_3030481,0.933,0.17418848654679964,True,0.082452385963659
4_16_3030506,0.811,0.2560226235430664,True,0.04987472679735183
4_16_3030599,0.945,0.2969691598935816,True,0.09079734287752816
4_16_3030646,0.977,0.2086371320401008,True,0.11598607891823876
4_16_3040592,0.083,0.4997424169241981,False,-0.0777971930498631
4_16_3070760,1.0,0.24611981941778913,True,0.2141991693048092
4_16_3070821,0.872,0.29099660345800366,True,0.0635393924092672
4_16_3071400,0.991,0.36043861630659935,True,0.13664395887092795
4_16_3071423,0.436,0.2330370970335326,False,-0.009303240095051013
4_16_3071500,0.987,0.7558798053643765,True,0.12964784589949852
4_16_3071501,0.944,0.315159436193784,True,0.09031430782801297
4_16_3071548,0.957,0.2126667761447508,True,0.10102339562102614
3_9_331182,0.282,0.36806935903905774,False,-0.03198674735106111
3_9_331237,0.531,0.5356340045027188,True,0.00397429390025017
3_9_331468,0.725,0.5302383531019785,True,0.03216433732683599
3_9_331479,0.741,0.26684402726319,True,0.03512878847555112
3_9_331493,0.327,0.42358514693974153,False,-0.026274091408182043
3_9_331496,0.448,0.4637305617821672,False,-0.0069432169906116226
3_9_331498,0.881,0.26807305931377357,True,0.0672501544032863
3_9_331530,0.625,0.4752025249550998,True,0.01752706452041153
3_9_331557,0.81,0.4845943309160018,True,0.04876322661612187
3_9_401786,0.861,0.48625813853259675,True,0.06100424729397613
3_9_401919,0.45,0.28021239556570765,False,-0.006693918866784276
3_9_401940,0.815,0.23257302705180105,True,0.051176769625200236
3_9_401952,0.885,0.4034881621375548,True,0.06789565447706292
3_9_402049,0.311,0.7804009518903237,False,-0.028419529694871715
3_9_410095,0.114,0.7879330723751667,False,-0.06736361047918105
3_9_422167,0.535,0.45397279329058776,True,0.004713749676349299
3_9_422170,0.797,0.26554404315612085,True,0.04481014773592851
3_9_422211,0.73,0.37561409620852076,True,0.033104080671005454
3_9_422251,0.597,0.4128448168746544,True,0.01301323401214216
3_9_422336,0.734,0.24909707919481183,True,0.033952423340877225
3_9_422479,0.835,0.2868818183995383,True,0.05528465719292608
3_9_422507,0.672,0.3039559567037222,True,0.02440290162019365
3_9_422532,0.359,0.5065730345129686,False,-0.020760367264487156
3_9_422584,0.373,0.5939345054864333,False,-0.018031207864899867
3_9_422629,0.81,0.5549641462375082,True,0.048625838913565644
3_9_430117,0.27,0.6778889864353415,False,-0.033706130076307295
3_9_430148,0.81,0.4993152497384983,True,0.048328166657213734
3_9_430223,0.429,0.33476200173268106,False,-0.010042266302157987
3_9_430271,0.888,0.9465175098698844,True,0.06863287500280091
3_9_430344,0.149,0.25232503767633546,False,-0.057271575364528315
3_9_430537,0.926,0.4690033555213128,True,0.07981273246167941
3_9_430658,0.754,0.246190074126473,True,0.0371901694866269
3_9_430699,0.812,0.2640270834737749,True,0.05082371548574116
3_9_430720,0.487,0.3828714710895222,False,-0.0021417828549961104
3_9_430777,0.531,0.4239481484140641,True,0.004000618834545722
3_9_430816,0.903,0.3932332209531194,True,0.07425442377289104
3_9_430842,0.666,0.2452554140833434,True,0.02359214090236106
3_9_430945,0.492,0.22731787067418818,False,-0.0008212342559235086
3_9_491597,0.79,0.43060901568659504,True,0.04287727277904552
3_9_530266,0.373,0.20764978928167505,False,-0.018217106527561144
3_9_581232,1.0,0.26079711695642227,True,0.19998679102706984
3_9_581239,0.972,0.2696782130307767,True,0.11303225569126063
3_9_581243,0.729,0.4479723894535655,True,0.03242116099454828
3_9_581254,0.244,0.3042335708896299,False,-0.038419866400972946
3_9_581260,0.763,0.2083713349038264,True,0.038625298284602705
3_9_581262,0.894,0.2814561650577125,True,0.07135578114033758
3_9_581283,0.933,0.2440727794908162,True,0.08252198125148902
3_9_581355,0.957,0.3140611738766783,True,0.10025356045591327
3_9_670319,0.91,0.25074244838689974,True,0.07535743440880927
3_9_670350,0.977,0.23391916920109007,True,0.11443466656471712
3_9_670358,0.914,0.2738860984232519,True,0.07720148197842125
3_10_1011254,0.946,0.5072001545596704,True,0.09211800041811946
3_10_1011672,0.738,0.18689968673600604,True,0.03473118776967443
3_10_1011723,0.696,0.3926249456312591,True,0.02839021665591468
3_10_1011934,0.319,0.5683553883710593,False,-0.027243231303620608
3_10_1012092,0.822,0.32807826715168953,True,0.05167786694523291
3_10_1012097,0.412,0.23777472804531627,False,-0.012770589813091204
3_10_1070594,0.611,0.41504176967346723,True,0.015130430284609031
3_10_1071667,0.925,0.3141123591343254,True,0.07952125309089975
3_10_1071733,0.88,0.299639000405763,True,0.06696117983014116
3_10_1071778,0.592,0.2978223782673146,True,0.012527795067250325
3_10_1071881,0.456,0.3556741106455085,False,-0.00582460209163238
3_10_1071916,0.826,0.40885214134190206,True,0.05287657491087627
3_10_1071932,0.742,0.30188050167375896,True,0.0352958613572153
3_10_1071983,0.557,0.7947418663741685,True,0.008368811774240426
3_10_1072001,0.42,0.7672167462917112,False,-0.011237277326574091
3_10_1072003,0.952,0.46229432977498813,True,0.09653160412730577
3_10_1072066,0.756,0.18279698315624343,True,0.03744433913037215
3_10_1072158,0.077,0.6655543570086526,False,-0.07909577936042633
3_10_1091444,0.977,0.4383350648079112,True,0.11738423205472392
3_10_1092029,0.354,0.2931991883887362,False,-0.02220217805780411
3_10_1092263,0.785,0.36151740707020735,True,0.04198300049568926
3_10_1151155,0.9,0.23865126818428323,True,0.07326762421243738
3_10_1151174,0.913,0.23647215881203415,True,0.07665845344295252
3_10_1181245,0.839,0.19230370559421342,True,0.0565283904994317
3_10_1190712,0.888,0.2043566539111539,True,0.06900506714571686
3_10_1230622,0.993,0.24988679507973166,True,0.14545340345778623
3_10_1230687,0.999,0.25860964203924164,True,0.18053770614906395
3_10_1230718,0.996,0.40171901721933667,True,0.16225195262592718
3_10_1230739,0.879,0.28234915460753646,True,0.06663218632758872
3_10_1230765,0.937,0.3406433471848114,True,0.08533743796924398
3_11_1581392,0.489,0.24116865813248606,False,-0.0016214305067325796
3_11_1661770,0.439,0.31637894730333166,False,-0.008647277560002609
3_11_1671187,0.535,0.4328953564904247,True,0.004608999511474976
3_11_1671350,0.21,0.4932092208272004,False,-0.045955480146298466
3_11_1671365,0.559,0.4072952125466386,True,0.008474608529151828
3_11_1671416,0.967,0.3943246788768574,True,0.1059689645970946
3_11_1671420,0.939,0.3176170449313767,True,0.08582763774858715
3_11_1671435,0.611,0.2673558619137796,True,0.015235469124267098
3_11_1671441,0.319,0.2919123607692064,False,-0.027259875958686397
3_11_1671461,0.315,0.40142722277986786,False,-0.027781566626313037
3_11_1671471,0.919,0.36847133774032126,True,0.07828925219621319
3_11_1671480,0.526,0.26893702190494,True,0.0031357333786793395
3_11_1671520,0.947,0.20983145558009653,True,0.0934782923303713
3_11_1671521,0.8,0.23963127215680566,True,0.04561557740911826
3_11_1671562,0.619,0.38848395788751033,True,0.01683139598603811
3_11_1671573,0.402,0.300669594432342,False,-0.014181244934888593
3_11_1671574,0.875,0.40142034120966025,True,0.06499433270099542
3_11_1671583,0.992,0.2506322478052519,True,0.14189111774487095
3_11_1671604,0.853,0.3993039110795376,True,0.06009120324817574
3_11_1671605,0.551,0.42163781212222895,True,0.006934372008431944
3_11_1671606,0.876,0.32062554130026183,True,0.06556234810172279
3_11_1671608,0.395,0.25604763526223745,False,-0.01490512056615545
3_11_1671611,0.25,0.6040197345205889,False,-0.03767061293074625
3_11_1671621,0.71,0.23359365550882072,True,0.03001183769871818
3_11_1671623,0.968,0.4126461506678262,True,0.10985619061354512
3_11_1671626,0.838,0.3621230740201886,True,0.0561741342273937
3_11_1671685,0.848,0.4096402748833364,True,0.05928207744939251
3_11_1671690,0.922,0.23526268425442654,True,0.07898587599471929
3_11_1671698,0.373,0.2646882721094508,False,-0.018532194238771282
3_11_1671701,0.539,0.38049603401577264,True,0.005108792477353075
3_11_1671713,0.767,0.3449354197943576,True,0.03898353400378174
3_11_1671727,0.751,0.39561752905357994,True,0.03682485374199551
3_11_1671733,0.066,0.4318559053143159,False,-0.08380379164672469
3_11_1671746,0.97,0.4990961753565959,True,0.11050045268411868
3_11_1671765,0.413,0.27529060784881976,False,-0.012621875832572016
3_11_1671780,0.688,0.32653951073225734,True,0.027105115620079112
3_11_1671952,0.112,0.5384737178470159,False,-0.06766437875796627
3_11_1672070,0.156,0.20111427552729477,False,-0.05602395613726152
3_11_1691570,0.973,0.27089694494735955,True,0.11343464645164436
3_11_1691962,0.244,0.30411233231573204,False,-0.03878005746752988
3_11_1691973,0.28,0.6650098610422382,False,-0.03250698779612282
3_11_1692020,0.848,0.37923829138160575,True,0.059047759402629185
3_11_1692021,0.617,0.170511479488073,True,0.016569302328200752
3_11_1692047,0.057,0.7565334104054092,False,-0.08927503101545953
3_11_1692060,0.327,0.637000286954594,False,-0.0263702148548548
3_11_1692066,0.811,0.5268736306869997,True,0.049575269351140316
3_11_1692076,0.224,0.4185653154571938,False,-0.042294891243159105
3_11_1692085,0.812,0.41713114385369665,True,0.05069471791570823
3_11_1692087,0.324,0.2526003510381967,False,-0.026691908368414508
3_11_1692120,0.417,0.3083292784079412,False,-0.011760666842145495
3_11_1692121,0.217,0.20521749702936448,False,-0.04410888773633381
3_11_1692140,0.628,0.4329532576847858,True,0.017671564134388973
3_11_1692146,0.825,0.44569162450889344,True,0.052534282024384704
3_11_1692161,0.957,0.3871790219135369,True,0.10005208674060795
3_11_1692166,0.222,0.5374827832751946,False,-0.04263882317191037
3_11_1692190,0.78,0.27035299353229253,True,0.041177444791925866
3_11_1692192,0.705,0.34250396040260894,True,0.0296060558138731
3_11_1692205,0.979,0.2647801187996109,True,0.11873078307569651
3_11_1692234,0.949,0.25095288673663874,True,0.09602247000324227
3_11_1692246,0.134,0.3736465761115221,False,-0.06090258498066703
3_11_1692260,0.101,0.45067339851254157,False,-0.07108785229326453
3_11_1692261,0.925,0.3948111472249979,True,0.07946918036782735
3_11_1692269,0.456,0.44140011271758345,False,-0.005814461710514918
3_11_1692281,0.71,0.3085924373476277,True,0.029949787820080842
3_11_1692296,0.993,0.25236520530352985,True,0.14417934054787507
3_11_1692374,0.78,0.2853650177172186,True,0.041144000338216746
3_11_1692387,0.45,0.35348462181232854,False,-0.006753134880545186
3_11_1692471,0.137,0.6489071566430588,False,-0.059580214885737615
3_11_1692514,0.968,0.3467531178777524,True,0.10641350186766074
3_11_1692536,0.52,0.46375781760741025,True,0.00255870593870422
3_11_1692579,0.641,0.2256798112166289,True,0.019260491743661068
3_11_1692674,0.181,0.46626969500808846,False,-0.05018790941943463
3_11_1700145,0.772,0.3389275100772888,True,0.03993023277456542
3_11_1700292,0.425,0.7576198628317945,False,-0.010554397368120583
3_11_1700358,0.492,0.25638751215141303,False,-0.0006562003919978743
3_11_1700399,0.455,0.3978456448887979,False,-0.005994716214531515
3_11_1700431,0.485,0.47922904051235693,False,-0.002268582591130386
3_11_1760953,0.791,0.3568930103958217,True,0.04334149914641794
3_11_1790723,0.681,0.22823744406444132,True,0.026015040379405496
3_11_1790743,0.893,0.26637299189287944,True,0.07089256583508774
3_11_1790902,0.648,0.22935936041341418,True,0.02049448176112678
3_11_1841298,0.841,0.29771393739172913,True,0.0568959230438012
3_11_1841299,0.948,0.34108531813294424,True,0.09413334185927424
3_11_1841539,0.359,0.7320712224299727,False,-0.02074586384187249
3_11_1850566,0.983,0.30680356986636576,True,0.12375281400297711
3_11_1880898,0.333,0.26872251912232886,False,-0.02524909655586227
3_11_1880982,0.861,0.27662373860714906,True,0.06134889073275518
3_11_1880988,0.316,0.20717006578714758,False,-0.027658268331046676
3_11_1881020,0.869,0.21125812851830472,True,0.06280844659530949
3_11_1881037,0.995,0.28673184583477107,True,0.1536096849897005
3_11_1881094,0.79,0.3421717698303863,True,0.042750715077032986
3_11_1881101,0.552,0.4481397341740314,True,0.007164417318726302
3_11_1881735,0.996,0.29781749409583974,True,0.16986950777223642
3_11_1881838,0.492,0.32668953913024185,False,-0.0010536028732659464
3_12_2332104,0.822,0.2850384295132748,True,0.051843567232617294
3_12_2332129,0.639,0.4290439484574454,True,0.019044061231756726
3_12_2332140,0.671,0.7446718316636551,True,0.02424192328590946
3_12_2332149,0.511,0.37057556523252144,True,0.00132281647262944
3_12_2332179,0.961,0.28601561595811853,True,0.10321368127155661
3_12_2332219,0.945,0.5155740585796581,True,0.09193378596690771
3_12_2332245,0.512,0.44578214999652455,True,0.0015622235896999292
3_12_2332255,0.987,0.3536143482137196,True,0.13279398746675242
3_12_2332277,0.698,0.37313651766750977,True,0.02863699978488532
3_12_2332321,0.595,0.4574871525145099,True,0.012873685357017606
3_12_2332341,0.815,0.20381934166139423,True,0.05115161321463424
3_12_2332394,0.541,0.2291337328236373,True,0.005380377908903888
3_12_2332400,0.944,0.43213786292452133,True,0.09040576861603966
3_12_2340109,0.791,0.2901906058649421,True,0.043369813752503594
3_12_2340112,0.875,0.35802056024094353,True,0.06530080279419581
3_12_2340197,0.695,0.3908583131095234,True,0.028084654634974338
3_12_2340256,0.889,0.5601626958255944,True,0.06924898069105767
3_12_2340299,0.945,0.3319531810499837,True,0.09144405295934122
3_12_2340303,0.111,0.18693816797905508,False,-0.06814448920883454
3_12_2340361,0.691,0.34346895391077037,True,0.02733975537940392
3_12_2340390,0.685,0.39517086781542793,True,0.026416385587800018
3_12_2340393,0.839,0.38478254265064965,True,0.05663943346864453
3_12_2340409,0.338,0.5252772358262408,False,-0.024542635771740873
3_12_2340609,0.949,0.5221445670044297,True,0.09568714520746102
3_12_2340629,0.738,0.40515869895525614,True,0.03486643282069424
3_12_2340641,0.568,0.25662249491432826,True,0.010075800240967991
3_12_2340642,0.847,0.4208707394783792,True,0.058194936487082516
3_12_2340713,0.102,0.3867592861903611,False,-0.07073901930160087
3_12_2340806,0.855,0.3441540760913348,True,0.06054537692245243
3_12_2352570,0.353,0.22706477303527312,False,-0.0224117678246456
3_12_2352759,0.899,0.21974795973359068,True,0.07294299333035215
3_12_2352765,0.215,0.4349717874413494,False,-0.04470385354856887
3_12_2352792,0.977,0.3851127312832427,True,0.11703457273103168
3_12_2352793,0.941,0.2868738887717961,True,0.08897548810128553
3_12_2352795,0.887,0.3381796918622751,True,0.06815122681928876
3_12_2352805,0.968,0.45902074363254697,True,0.10986058063612969
3_12_2352812,0.651,0.4040319335085015,True,0.022134564861210237
3_12_2352822,0.766,0.32085294456765534,True,0.03879348111370362
3_12_2352832,0.456,0.27584536081636024,False,-0.005879307493785069
3_12_2352851,0.567,0.4314362482652496,True,0.009818407511107297
3_12_2352853,0.671,0.2711910771831942,True,0.024180818754538924
3_12_2352869,0.777,0.2637176412347478,True,0.04092739042181126
3_12_2352891,0.438,0.18034628594230123,False,-0.008801296119959057
3_12_2360267,0.833,0.3032899909735786,True,0.054642922187935095
3_12_2360326,0.44,0.3360255799690447,False,-0.008451779818000826
3_12_2360351,0.651,0.42218835858625414,True,0.021868025706370586
3_12_2360352,0.986,0.2904221416555786,True,0.1291190218782472
3_12_2360387,0.531,0.39566997499381784,True,0.0043479978364140415
3_12_2360391,0.38,0.26770504990593097,False,-0.016701268012691672
3_12_2360395,0.47,0.28065694604990693,False,-0.0037610110647305905
3_12_2360418,0.488,0.45100641221970006,False,-0.0021126954240606732
3_12_2360419,0.387,0.39333906285456255,False,-0.01585155698062035
3_12_2360430,0.869,0.3559428466061651,True,0.06285960766940468
3_12_2360440,0.044,0.2782710255420391,False,-0.10309273351735637
3_12_2360450,0.857,0.45753529486930916,True,0.0608013070209974
3_12_2360463,0.713,0.18875495805928078,True,0.03043080977603263
3_12_2360471,0.94,0.4098828859368325,True,0.08692358124652733
3_12_2360477,0.11,0.5176523311596656,False,-0.06903927282610645
3_12_2360489,0.588,0.2673678165620007,True,0.012331399614712413
3_12_2360500,0.796,0.2532933297545503,True,0.04466874732147874
3_12_2360501,0.737,0.42993393477697794,True,0.03447508399060517
3_12_2360528,0.448,0.2390673467193815,False,-0.006951760482542868
3_12_2360566,0.411,0.381955500248856,False,-0.013388677310942843
3_12_2360577,0.79,0.49783865419697465,True,0.04279858287802196
3_12_2360595,0.929,0.24935428214976485,True,0.08076046308136864
3_12_2360617,0.876,0.28835505767440134,True,0.06566055484929878
3_12_2360638,0.845,0.4180408316541655,True,0.057863576410608575
3_12_2360656,0.835,0.5688116285726879,True,0.05526873947168065
3_12_2360684,0.247,0.41500874379018177,False,-0.03809590045595379
3_12_2360688,0.869,0.379996780553597,True,0.06302013893211644
3_12_2360690,0.976,0.2976112059852782,True,0.11420467633724996
3_12_2360716,0.659,0.28493160640090137,True,0.023237626026217595
3_12_2360772,0.91,0.1951065932976375,True,0.07610696672043182
3_12_2360872,0.991,0.26712656802061047,True,0.13799648940499665
3_12_2361088,0.552,0.7241034272752009,True,0.007449607297262295
3_12_2361234,0.348,0.221959959767376,False,-0.023359062302592992
3_12_2431143,0.861,0.5289198843599303,True,0.061309109162035025
3_12_2440399,0.427,0.9354789000050288,False,-0.010166860233572494
3_12_2460367,0.926,0.40818034104534884,True,0.08014114691833951
3_12_2460415,0.889,0.19441236057653086,True,0.06963556316552788
3_12_2460505,0.73,0.24329926774506228,True,0.032759811406444794
3_12_2460522,0.679,0.34217457114046396,True,0.02550030835418482
3_12_2460537,0.405,0.7909343910638049,False,-0.013834122433209917
3_12_2460576,0.821,0.3416474080471581,True,0.05162916607240753
3_12_2460577,0.547,0.24674761955924981,True,0.005999433709147239
3_12_2460587,0.359,0.7163219919652654,False,-0.02072231781564038
3_12_2460606,0.717,0.15689085143871498,True,0.03096977502601672
3_12_2460644,0.237,0.3727625310880842,False,-0.04017184057096679
3_12_2460671,0.425,0.19972233203941062,False,-0.010602207288566978
3_12_2460689,0.096,0.5153157207175777,False,-0.0718164436615989
3_12_2460712,0.619,0.20232786853470996,True,0.016845897407221755
3_12_2521592,0.999,0.3229681788665174,True,0.181898164825394
3_12_2530224,1.0,0.3879808351056396,True,0.18827594696881433
3_12_2530768,0.995,0.19968193927962247,True,0.15454485555276498
3_12_2560807,0.898,0.19868121319655127,True,0.0725177864983465
3_12_2561079,0.992,0.23162767609567134,True,0.14122329887994212
3_12_2561147,0.881,0.20594301690788114,True,0.06753001102115985
3_12_2570493,0.619,0.18611366718010874,True,0.016929550618337008
3_12_2570499,0.993,0.35436815880240885,True,0.145536237098833
3_12_2570525,0.986,0.28046699487291266,True,0.12845566403994324
3_12_2570549,0.734,0.16472293169888386,True,0.034217634142508335
3_12_2620184,0.951,0.24175662747469182,True,0.09632802625125825
3_12_2620232,0.995,0.2905221795245631,True,0.1588957751461314
3_12_2670258,0.867,0.1829729968831573,True,0.06243224147756499
3_12_2670261,0.651,0.2848381379718585,True,0.021781781388970578
3_12_2670271,0.952,0.3301479219317694,True,0.09653012449707932
11_41_70783,0.096,0.3776995504738514,False,-0.07200984582560599
11_41_191387,0.074,0.4280923566116072,False,-0.0800610723987758
11_41_311504,0.97,0.4487333090285556,True,0.11035652532681828
11_41_311550,0.171,0.6048622993173971,False,-0.05264482410859994
11_41_320248,0.06,0.5192978788330075,False,-0.0872597324944222
11_41_331352,0.178,0.4696986439451404,False,-0.050857105348030895
11_41_340897,0.046,0.3894005249395881,False,-0.10052558416319934
11_41_350356,0.105,0.8530585857755594,False,-0.06979660698728862
11_41_411555,0.811,0.42872696283869427,True,0.04937942544122276
11_41_411581,0.771,0.37262930272231193,True,0.0398938877455316
11_41_411582,0.891,0.454833756959382,True,0.07003005174448784
11_41_411627,0.935,0.41774985495786165,True,0.08330874559401713
11_41_411681,0.826,0.3074864737674411,True,0.052826833820341035
11_41_411716,0.593,0.37445263139942175,True,0.012557993601870265
11_41_411726,0.996,0.3796924734981817,True,0.16347808214031623
11_41_411741,0.903,0.3318299770242885,True,0.0742491221859859
11_41_411759,0.987,0.5173569235939033,True,0.13348364607540564
11_41_411770,0.467,0.36320885819815735,False,-0.0039695693539298915
11_41_411774,0.693,0.36755963212664233,True,0.02768425651569284
11_41_411877,0.563,0.42627929113388474,True,0.00950839661535563
11_41_432072,0.552,0.35723593782943125,True,0.007361345242689832
11_41_432083,0.453,0.3474071763251579,False,-0.0063809074349145956
11_41_432187,0.301,0.3252406485906811,False,-0.030260736435208546
11_41_432205,0.943,0.3396854784352455,True,0.08959483017582737
11_41_440544,0.79,0.25695077568946156,True,0.042778052538875344
11_41_440613,0.995,0.4270166404112747,True,0.15586950171499392
11_41_441961,0.028,0.7188217110598795,False,-0.12124740754318486
11_41_530863,0.103,0.5779090897893953,False,-0.06991647272907842
11_41_531019,0.121,0.3650482776046187,False,-0.06377240917601901
11_41_540383,0.369,0.2972687535296642,False,-0.019125502106699166
11_41_560850,0.21,0.43972065860767423,False,-0.04578413108329227
11_41_561484,0.322,0.28847640936639246,False,-0.027049936089226234
11_41_571019,0.002,0.3348786542045014,False,-0.1581393690377575
11_41_650622,0.775,0.22513777741508056,True,0.04068231404456413
11_41_651180,1.0,0.2733761399945847,True,0.22203712304512124
11_41_651209,0.089,0.20889480664546192,False,-0.07504660013997988
11_41_651248,0.375,0.20634082370209167,False,-0.017127589177714286
11_41_651275,0.032,0.18827606659648166,False,-0.11212681258595136
11_41_661527,0.445,0.31239715700997844,False,-0.008033857870276107
11_41_670233,0.245,0.23835281320866827,False,-0.0382565252871212
11_41_690291,0.48,0.405315069518683,False,-0.00269136021507288
11_41_770153,0.945,0.33255077705975566,True,0.09194429258311088
11_41_770174,1.0,0.23517211587838277,True,0.20581283780467086
11_41_770209,0.995,0.23963346660079995,True,0.15951865810660049
11_41_770374,0.412,0.21660108878689077,False,-0.01275850133316725
11_41_770435,0.999,0.22576836118769525,True,0.17635829015679472
11_41_770607,0.995,0.2557799045108234,True,0.15593486614494123
11_41_770616,0.992,0.2628325587926605,True,0.14220343048811557
11_42_1151066,0.622,0.46409080922557394,True,0.017260393777101646
11_42_1151271,0.979,0.3936352819022718,True,0.11830358163035049
11_42_1151281,0.608,0.4517464350919952,True,0.014517339440059729
11_42_1151293,0.812,0.46527925069594894,True,0.05076361371731264
11_42_1151301,0.659,0.40216467370777553,True,0.023197698484441975
11_42_1151313,0.986,0.434570298330754,True,0.12758967643658592
11_42_1151314,0.506,0.3716017284799624,True,0.0008155383101512426
11_42_1151328,0.98,0.35109162651779335,True,0.11998492788647919
11_42_1151344,0.893,0.21771692397819026,True,0.07101205532781907
11_42_1151386,0.338,0.4352795883531984,False,-0.024476388797080695
11_42_1250834,0.619,0.36783645614534854,True,0.016996762963613077
11_42_1250840,0.98,0.26756878772146697,True,0.1212326021094784
11_42_1250902,0.737,0.3247782862809524,True,0.03448436882079253
11_42_1250904,0.611,0.33808872865447065,True,0.01540458234731612
11_42_1250923,0.823,0.3944917984932317,True,0.05226023461056428
11_42_1251843,0.452,0.2645707165304746,False,-0.006578365370962569
11_42_1280423,0.454,0.3623723209117991,False,-0.006137829779957249
11_42_1292127,0.057,0.5219759134328911,False,-0.08873625213854464
11_42_1371124,0.932,0.208659250570153,True,0.08146735331255428
11_42_1401292,0.54,0.35338555958322493,True,0.005126844155723509
11_42_1481559,0.968,0.3561878949909591,True,0.1066855330923987
11_42_1490250,0.611,0.6566982711191152,True,0.015388567515293605
11_42_1490256,0.465,0.3595956778853254,False,-0.004353511152869638
11_42_1490260,0.237,0.7227168052255671,False,-0.04011228296591618
11_42_1490275,0.754,0.23016620700857746,True,0.037195257816647787
11_42_1490278,0.289,0.18483307949430042,False,-0.03115261127652058
11_42_1490306,0.804,0.1816729028243255,True,0.046793990884135495
11_42_1490325,0.048,0.4641314249788641,False,-0.09736019000655083
11_42_1490337,0.492,0.2536331791486271,False,-0.0007627130525245107
11_42_1490375,0.373,0.34013539159743356,False,-0.018589352627859324
11_42_1490479,0.828,0.3737869456345773,True,0.053676036850291875
11_42_1490518,0.391,0.22012384916157862,False,-0.015173913917878368
11_42_1491352,0.05,0.178440424571771,False,-0.09425961067127586
11_42_1520270,0.531,0.1637393417951071,True,0.004213781938302463
11_42_1520289,0.737,0.22885256220608494,True,0.034634463700421225
11_42_1520691,0.316,0.3565628758325673,False,-0.02747866184971759
11_42_1520727,0.516,0.21900133531382063,True,0.0021710215932867483
11_42_1520776,0.993,0.1971580340381495,True,0.14588537170553662
11_42_1600221,0.979,0.37129883860968177,True,0.11871308505221723
11_42_1600248,0.032,0.15446055716273166,False,-0.11277714161459218
11_42_1610196,0.848,0.45903436325270247,True,0.05901541467768556
11_43_2120482,0.619,0.5115077260447057,True,0.01663572543102476
11_43_2211653,0.94,0.4327299819088223,True,0.08874787611699542
11_43_2211781,0.838,0.37367623311298215,True,0.05595432302554626
11_43_2211783,0.966,0.4454607733172531,True,0.10516228316542431
11_43_2211802,0.947,0.3701177975644521,True,0.09308293500027964
11_43_2211820,0.731,0.35313235165988766,True,0.03328720433587207
11_43_2211872,0.782,0.5265259306620503,True,0.04175117094138914
11_43_2211921,0.996,0.3132905331103779,True,0.1664503462157395
11_43_2211922,0.925,0.46446743845319505,True,0.07955387505795186
11_43_2211931,0.144,0.3385130249846361,False,-0.05843843171027019
11_43_2232145,0.16,0.27477936884034504,False,-0.05547063092125781
11_43_2240552,0.753,0.516998704826103,True,0.03701643276267064
11_43_2450400,0.986,0.25446838195872074,True,0.1285171156733994
11_43_2450427,0.791,0.33447827750442516,True,0.04327943443989102
11_43_2450494,0.91,0.18387813273757078,True,0.07542979499320879
11_43_2450539,0.81,0.23411105143611358,True,0.04831743261020138
11_43_2450630,0.487,0.24109937177386562,False,-0.002187076187905257
11_43_2450658,0.024,0.15746785616327558,False,-0.12539786981272716
11_43_2450819,0.275,0.22269860168653088,False,-0.03345784328754542
11_43_2570088,0.957,0.2533596768471445,True,0.10101204616300963
11_43_2570115,0.952,0.19436896615771504,True,0.09667332362056258
11_43_2570144,0.862,0.257231581270059,True,0.06152223586485617
11_44_3200552,0.913,0.3955696531795441,True,0.07643359581120257
11_44_3200584,0.826,0.3892334336311716,True,0.05287198700750073
11_44_3291036,0.562,0.25591495526147295,True,0.009397974825076982
11_44_3291046,0.492,0.31376668599565727,False,-0.0005927106002998617
11_44_3291251,0.996,0.28614977279678433,True,0.16223330827949145
11_44_3401105,0.571,0.16922929729244768,True,0.010203662931388524
11_44_3401235,0.164,0.3371972295375399,False,-0.054483982940488174
11_44_3401295,0.412,0.3381508661893733,False,-0.012743641002446404
11_44_3401320,0.414,0.13237667929134805,False,-0.012325804225864712
11_44_3410263,0.37,0.2785337618773071,False,-0.01882581386393878
11_44_3410310,0.637,0.22932472560683997,True,0.018852196357158513
11_44_3410335,0.856,0.21539511081313237,True,0.06064922201842937
11_44_3410362,0.926,0.17095874179704457,True,0.07991400056134801
11_44_3410369,1.0,0.1809338112488108,True,0.2049255906738604
11_44_3410388,0.645,0.47368527529987714,True,0.019864423476508186
11_44_3441130,0.545,0.2263539045490071,True,0.005793748692912826
11_44_3441148,0.401,0.4102822840158054,False,-0.014244767027585592
11_44_3441155,0.559,0.24070548356605398,True,0.008464511826848153
11_44_3441280,0.492,0.2177695917178754,False,-0.0008652118211276427
11_44_3530126,0.999,0.16043396885787448,True,0.18254626816206443
2_5_180554,0.029,0.22344743062495884,False,-0.11876739017396654
2_5_351925,0.458,0.3761169919474383,False,-0.005119970038002242
2_5_370082,0.967,0.4236401476477094,True,0.10620255399948353
2_5_370083,0.699,0.26329683457002845,True,0.028703220069946744
2_5_370112,0.455,0.3985842561170181,False,-0.006024013047461141
2_5_370125,0.375,0.49670342679706436,False,-0.01753473158527008
2_5_370131,0.775,0.30125611115873124,True,0.04054643879032582
2_5_370186,0.968,0.3991856324828874,True,0.10872511426969689
2_5_370188,0.734,0.9309937675307554,True,0.03403144825516069
2_5_370194,0.551,0.2974081116196916,True,0.00689735522421675
2_5_370196,0.167,0.4366189354440196,False,-0.053343224646304366
2_5_370219,0.488,0.3805746786230521,False,-0.0017609569478445053
2_5_370230,0.81,0.5684619852440386,True,0.0482523505098692
2_5_381923,0.202,0.7658392495516119,False,-0.047151991480620215
2_5_441608,0.081,0.5216690850722451,False,-0.07817620438977113
2_5_441811,0.538,0.43713139909149834,True,0.004748707207825609
2_5_441853,0.878,0.43808946055301173,True,0.06618658391627863
2_5_450963,0.811,0.4187792483947767,True,0.04955012188476382
2_5_451064,0.475,0.44677193398784126,False,-0.003039370027838162
2_5_451122,0.817,0.20907954385658764,True,0.0513310260096701
2_5_451150,0.478,0.3865001107955887,False,-0.0028207373666191415
2_5_451217,0.092,0.6357027322520785,False,-0.07279581088259879
2_5_451220,0.129,0.29926115301138,False,-0.06173459911103518
2_5_461503,0.894,0.21468479467502588,True,0.07117577471218495
2_5_461532,0.269,0.2340051305622924,False,-0.034000213275837465
2_5_461937,0.188,0.21512496128375216,False,-0.04926459031884378
2_5_470533,0.94,0.46823106494252176,True,0.08862268428713693
2_5_470854,0.793,0.3251324865552656,True,0.04374729744203287
2_5_471422,0.433,0.2940420746732677,False,-0.009489885564554434
2_5_471740,0.241,0.20508766238547937,False,-0.039451824150368076
2_5_471972,0.968,0.39046047587408816,True,0.10659414852657045
2_5_472002,0.488,0.486856563744462,False,-0.0019968351283243813
2_5_472250,0.587,0.3604313553056387,True,0.01186531898207166
2_5_480260,0.57,0.3429448736108261,True,0.010160690865847921
2_5_480311,0.834,0.24131855339080746,True,0.0547047893569238
2_5_480600,0.967,0.22898609500870634,True,0.10554021539436864
2_5_481643,0.996,0.2692729472290886,True,0.16482516566754468
2_5_491957,0.122,0.7204523072357661,False,-0.06340929785657168
2_5_541329,0.096,0.7105333475049419,False,-0.07195183337242494
2_5_541345,0.478,0.17324360565592464,False,-0.0027334308460744694
2_5_550910,0.672,0.256800392867112,True,0.024454936858984366
2_5_550970,0.958,0.3948070181491417,True,0.10133929576614586
2_5_550994,0.437,0.3677701793271773,False,-0.009195996560525277
2_5_550999,0.396,0.3623116459204085,False,-0.01470451790077254
2_5_551207,0.166,0.2262612824315931,False,-0.053969936390423356
2_5_560271,0.121,0.565542069162321,False,-0.0640434105935368
2_5_560436,0.199,0.7730312222810333,False,-0.04745418019587744
2_5_561080,0.553,0.9633065563146175,True,0.007731844533430565
2_5_571071,0.677,0.5163698071759913,True,0.02489857074123436
2_5_580547,0.945,0.2362712302806275,True,0.09096542254916151
2_5_580784,0.405,0.3400510655794754,False,-0.013928297601555117
2_5_581176,0.818,0.4202105099620872,True,0.0514851146494707
2_5_590710,0.217,0.2034349044546025,False,-0.04416979340300875
2_5_590781,0.996,0.2513752870459836,True,0.16313026669198039
2_5_590861,0.115,0.2714215258752095,False,-0.06610418954659503
2_5_630787,0.085,0.6681365571156408,False,-0.0771390091405626
2_5_650948,0.987,0.20354387930673562,True,0.1322785714474951
2_5_650983,0.737,0.22115707837019052,True,0.034621320926320975
2_5_650991,0.967,0.35514916697332893,True,0.1054303157867934
2_5_651022,0.937,0.26578483304315387,True,0.0855429749350155
2_5_651167,0.511,0.2274182368386192,True,0.0013359155568539727
2_5_651458,0.121,0.2626898841022088,False,-0.06388819340001861
2_5_750417,0.994,0.34709658182774045,True,0.14986886644742237
2_5_750440,0.974,0.2230680557366404,True,0.11361932710393341
2_5_750479,0.893,0.286398368370833,True,0.07114770941676363
2_5_750483,0.957,0.169173408008208,True,0.09920336069492908
2_5_750505,0.887,0.3206319751021431,True,0.0681288740034296
2_5_760202,0.111,0.9581263899707052,False,-0.06827032298548064
2_5_770507,0.116,0.39213180621850446,False,-0.06606210586903027
2_6_870255,0.237,0.7242254207219645,False,-0.03992945394069913
2_6_870311,0.019,0.19328953864108775,False,-0.12656664507603121
2_6_1070265,0.108,0.23041750876393743,False,-0.06928685818345004
2_6_1111650,0.54,0.42473428085478293,True,0.005173796665676411
2_6_1112013,0.338,0.21815825336626285,False,-0.024268180496840763
2_6_1112020,0.775,0.5107181908887412,True,0.040617049840606656
2_6_1131391,0.827,0.28268026514560796,True,0.053275099938890014
2_6_1131440,0.795,0.13332730910045615,True,0.0441758911914496
2_6_1131494,0.327,0.2647475570077666,False,-0.02631451204997748
2_6_1131508,0.768,0.3479413108121226,True,0.03909316018661846
2_6_1131524,0.47,0.23244981997516403,False,-0.0037206986211657522
2_6_1131545,0.724,0.2734512037461974,True,0.03146061715817727
2_6_1131585,0.56,0.3316962323810868,True,0.00895646919051829
2_6_1131603,0.649,0.37071018740573863,True,0.020933553355339085
2_6_1131641,0.327,0.4617154846212195,False,-0.026457106981564005
2_6_1131644,0.553,0.24349437031441287,True,0.007816993499730973
2_6_1131828,0.653,0.4489890312429418,True,0.022289852788484166
2_6_1131842,0.217,0.9093729062103418,False,-0.04394684379543401
2_6_1131898,0.932,0.46477069130765175,True,0.08154053543294781
2_6_1131913,0.538,0.708303213869286,True,0.0047448273744247205
2_6_1131953,0.649,0.26415954204742986,True,0.02140852844316299
2_6_1131996,0.794,0.7226150931343007,True,0.04400266197190028
2_6_1132010,0.694,0.27202241887230144,True,0.027880008397006217
2_6_1132032,0.156,0.3678217174479796,False,-0.055743973527535795
2_6_1132057,0.979,0.29176401701678706,True,0.11883238376250094
2_6_1132058,0.641,0.3149675324192169,True,0.019489851234726685
2_6_1132090,0.632,0.5189361517585612,True,0.018324587312688934
2_6_1132209,0.56,0.3582505143890003,True,0.009034391101921502
2_6_1132230,0.096,0.34275323556738874,False,-0.07197763601904894
2_6_1180970,0.305,0.3947415049783609,False,-0.029761124782411663
2_6_1191314,0.48,0.43384818423938726,False,-0.002687817161869832
2_6_1201243,0.737,0.4226636255217565,True,0.03455654125461749
2_6_1201323,0.27,0.1972758125351017,False,-0.033705630116485086
2_6_1201545,0.341,0.42145007868493156,False,-0.024056163940723074
2_6_1201570,0.097,0.24479495438370738,False,-0.07164851719010223
2_6_1201585,0.452,0.29138307642910305,False,-0.006524185531399773
2_6_1201586,0.505,0.6520057875492352,True,0.0007081648168970611
2_6_1201593,0.71,0.4311344718946169,True,0.02999353372924629
2_6_1201610,0.789,0.2108493346347127,True,0.042256668821537
2_6_1201620,0.907,0.4060966428524345,True,0.07502378415848909
2_6_1210412,0.918,0.37541241056970454,True,0.0779055678092303
2_6_1210463,0.015,0.6302161281817908,False,-0.13061921348573868
2_6_1210474,0.445,0.3118000555972428,False,-0.007532871630886673
2_6_1212539,0.611,0.35079654811955685,True,0.015362805529996026
2_6_1221525,0.131,0.25236589247863833,False,-0.0613946804687604
2_6_1221550,0.362,0.23937079500497233,False,-0.020205897165578968
2_6_1222347,0.526,0.4754592669981788,True,0.0030014685990580325
2_6_1230522,0.322,0.3434788688729866,False,-0.027054408286232512
2_6_1230551,0.913,0.1363038632526571,True,0.07704277007629812
2_6_1230630,0.475,0.2733638642647127,False,-0.003096414619543353
2_6_1230635,0.056,0.181752545639697,False,-0.09038880446450803
2_6_1230703,0.678,0.26658636619127474,True,0.025244592784393505
2_6_1230746,0.275,0.21902573773637898,False,-0.03343702142330374
2_6_1230754,0.373,0.19502070722544443,False,-0.017824647997233045
2_6_1230804,0.387,0.20124874925913108,False,-0.015784706769646606
2_6_1291320,0.357,0.20475479822023127,False,-0.021474461207278583
2_6_1320564,0.217,0.1952731604681755,False,-0.0439706325410163
2_6_1320573,0.188,0.1879882893114093,False,-0.04926668688039548
2_6_1320824,0.214,0.4803984628491305,False,-0.04506050605377143
2_6_1320848,0.579,0.32479264699678434,True,0.010927145788589443
2_6_1321471,0.98,0.24438595892918505,True,0.12161774235288159
2_6_1330610,0.967,0.3747291206029303,True,0.10568314083137409
2_6_1330638,0.991,0.25028626119528086,True,0.1362807142858714
2_6_1330790,0.987,0.31175948406339543,True,0.13290273732766567
2_6_1380648,0.982,0.2532984209090067,True,0.12273118324804544
2_6_1380691,0.999,0.24024770139059576,True,0.17637154786481934
2_6_1380694,0.67,0.21766501483926134,True,0.0241086198301651
2_6_1380706,0.946,0.27072777402708464,True,0.09275837896905814
2_6_1380709,0.827,0.2174578827348218,True,0.053063457606178255
2_6_1380938,0.959,0.1699483950051118,True,0.10210912569985997
2_6_1390419,0.485,0.610244893493971,False,-0.0023021049102038837
2_6_1391316,0.331,0.20138472359691323,False,-0.025655554849462137
2_6_1420663,0.952,0.32064744706727955,True,0.09651323432801784
2_7_1720415,0.029,0.777073100096254,False,-0.11963614785113319
2_7_1841185,0.086,0.43445603694778284,False,-0.07702859437408938
2_7_1850814,0.529,0.4195560951085574,True,0.0037822526262957235
2_7_1851072,0.019,0.30146976366806705,False,-0.12666779313835685
2_7_1851201,0.882,0.417058911403944,True,0.06755433603282723
2_7_1851309,0.301,0.20568569671707762,False,-0.030308607389006426
2_7_1851353,0.825,0.4458515080023049,True,0.052573886686212656
2_7_1851369,0.827,0.19531132803264817,True,0.0534956723540152
2_7_1851390,0.791,0.35566361745960495,True,0.04344215575804666
2_7_1851485,0.122,0.4636449886810633,False,-0.06296832140189745
2_7_1851513,0.958,0.37224381697231695,True,0.10171619792850162
2_7_1851534,0.164,0.9447644380058623,False,-0.054521526058974645
2_7_1851579,0.917,0.5637420354947071,True,0.07767206901268953
2_7_1851649,0.934,0.27404799122800955,True,0.0826278452479009
2_7_1851651,0.952,0.6025474445837833,True,0.09714584560354689
2_7_1851654,0.802,0.4463436214304159,True,0.04630316158652115
2_7_1851663,0.913,0.4196428457965965,True,0.0769698831610589
2_7_1851677,0.978,0.2152467290446543,True,0.1179298013822283
2_7_1851687,0.767,0.4295360849769775,True,0.03891527808402773
2_7_1851697,0.913,0.25085534073794313,True,0.07691365991455579
2_7_1851751,0.81,0.18438416724854387,True,0.04816989420040929
2_7_1851763,0.425,0.27658639128664264,False,-0.010624117076927675
2_7_1851837,0.611,0.3837918822190073,True,0.015187046488286837
2_7_1851844,0.886,0.2872366893206072,True,0.06808392129788776
2_7_1852004,0.791,0.26068710887001184,True,0.04358235608134786
2_7_1852168,0.509,0.3337358769694251,True,0.0012875186653952264
2_7_1852422,0.612,0.4451836092165143,True,0.015631054847662473
2_7_1860248,0.187,0.5003574487057773,False,-0.04940244198713639
2_7_1910252,0.25,0.9002430315756114,False,-0.03767484766724638
2_7_1921511,0.519,0.3614517080205129,True,0.0024016872115312227
2_7_1921528,0.838,0.33242705036389697,True,0.056337570157499406
2_7_1921718,0.743,0.3448086240140672,True,0.035324612610689754
2_7_1921806,0.398,0.434127936677109,False,-0.014591569923390058
2_7_1921869,0.843,0.41014314043499545,True,0.05751546115520778
2_7_1921901,0.301,0.36559960346596465,False,-0.0303301696868854
2_7_1921911,0.894,0.40402855661474735,True,0.07127238742063502
2_7_1921938,0.374,0.2757347541166034,False,-0.017574421021066433
2_7_1922013,0.791,0.46352033616741994,True,0.043585987654884195
2_7_1922032,0.641,0.290557364865503,True,0.019207587928860015
2_7_1922089,0.74,0.21862366970651279,True,0.035030638740805364
2_7_1922345,0.542,0.26527141847275665,True,0.005519155823891286
2_7_1930906,0.288,0.755137627031988,False,-0.0313589655725266
2_7_1931114,0.804,0.8749140604180502,True,0.04684160292180051
2_7_1931969,0.066,0.3107451246462513,False,-0.08371611158889225
2_7_1932142,0.281,0.3546810304795203,False,-0.03205376217495148
2_7_1932264,0.096,0.188907320669147,False,-0.0717882239089136
2_7_1942232,0.837,0.38625388499672464,True,0.055898756288885854
2_7_1942280,0.952,0.3029397347063602,True,0.09662889688165532
2_7_1950314,0.403,0.7565424470947925,False,-0.014039607968242107
2_7_1950408,0.92,0.32423447643716646,True,0.07870245638897488
2_7_1950460,0.822,0.40863455497777007,True,0.05165531751610686
2_7_1950568,0.743,0.2451073948334496,True,0.03538384511736503
2_7_1950645,0.874,0.31770868008711894,True,0.06436375731252564
2_7_1950847,0.767,0.23556373705408876,True,0.038844785078987476
2_7_1950854,0.773,0.40277852632651423,True,0.0401930327821034
2_7_1950899,0.677,0.3544839214532256,True,0.024926638257072975
2_7_1950924,0.411,0.32694300773108553,False,-0.01309314035979292
2_7_1950949,0.182,0.3742705743801585,False,-0.050124928123188806
2_7_1951077,0.193,0.15237790606417728,False,-0.048482344002317435
2_7_1951101,0.971,0.36304855354772253,True,0.11277744867016459
2_7_1960337,0.875,0.20490552903821616,True,0.06524493435733036
2_7_2011641,0.89,0.38479557352040356,True,0.06988228623994464
2_7_2020150,0.841,0.4041617416083359,True,0.05682707808581855
2_7_2021645,0.602,0.3871522936875444,True,0.013713533971041691
2_7_2030401,0.373,0.358246322170969,False,-0.017790653176902316
2_7_2041370,0.415,0.20766257979446526,False,-0.012041297109794291
2_7_2041381,0.685,0.18139363519877427,True,0.02649143698763423
2_7_2051104,0.999,0.18787208279752218,True,0.17548038016175482
2_7_2051202,0.259,0.37876071427720903,False,-0.036572205077742614
2_7_2051219,0.734,0.27269838863649554,True,0.03410677975931986
2_7_2080171,0.257,0.4365484693969058,False,-0.03684548896322348
2_7_2101513,0.775,0.16251114394563218,True,0.040548480625165806
2_7_2101558,0.878,0.22072160176964006,True,0.06618565520772379
2_7_2101762,0.96,0.2412446986963673,True,0.10263640539633512
2_7_2101835,0.939,0.2505597718291561,True,0.08624828922511041
2_7_2110180,0.96,0.2397849152007593,True,0.10268799194751554
2_7_2111191,0.089,0.2064283791169436,False,-0.07372894685333287
2_7_2121305,0.373,0.22658064865062383,False,-0.017787493200671634
2_7_2190510,0.821,0.20958528734261417,True,0.05162547048760979
2_7_2200667,0.032,0.21636426133730305,False,-0.11175408753981286
2_8_2461494,0.582,0.44082537803813765,True,0.011318369668114614
2_8_2550752,0.506,0.27198895835695885,True,0.000863309757348496
2_8_2550951,0.857,0.28172196157060664,True,0.0607933460602027
2_8_2550958,0.929,0.5442767473030623,True,0.08087430857058053
2_8_2550988,0.885,0.2259122250131925,True,0.06785395429113306
2_8_2551292,0.757,0.5567238806496956,True,0.037603921663422746
2_8_2561096,0.112,0.17302131537275434,False,-0.06789604893483747
2_8_2570758,0.538,0.3248630521669303,True,0.004818476760288348
2_8_2570806,0.79,0.3473580707638549,True,0.042713033462919214
2_8_2571239,0.733,0.302665092189004,True,0.03385256106408885
2_8_2571246,0.347,0.4825697831475691,False,-0.023501788427882753
2_8_2571252,0.848,0.1837916995686177,True,0.05917633641288089
2_8_2571274,0.321,0.3157659672515562,False,-0.027135322301492737
2_8_2571309,0.234,0.4943063564559565,False,-0.04067996336011137
2_8_2571330,0.496,0.35198581904018483,False,-0.0004303521305590863
2_8_2571403,0.843,0.23369212315370289,True,0.05747307486119624
2_8_2571431,0.915,0.5053995212428808,True,0.07741234764673233
2_8_2571437,0.724,0.2857593217339996,True,0.031531664123076064
2_8_2572334,0.648,0.25974225982363264,True,0.02046347648148239
2_8_2572361,0.244,0.24573363368726647,False,-0.03838100247908294
2_8_2620729,0.131,0.16947097065952577,False,-0.06157055008306389
2_8_2631843,0.032,0.16995701947046857,False,-0.11344487237948031
2_8_2640214,0.611,0.4434540840395357,True,0.015059621817737123
2_8_2650527,0.28,0.20327569144389407,False,-0.03259146554402559
2_8_2661323,0.468,0.19434122726328806,False,-0.0038438654448984533
2_8_2661336,0.977,0.2712650165419602,True,0.11693319668352775
2_8_2661338,0.432,0.22378942377386016,False,-0.009563013095180262
2_8_2661462,0.663,0.26066324140317276,True,0.02340813298481159
2_8_2681934,0.066,0.485570929575458,False,-0.08433614355519548
2_8_2720664,0.878,0.19224554034807007,True,0.06638404944721166
2_8_2720711,0.173,0.15994628327914717,False,-0.0519202699025163
2_8_2720809,0.935,0.21453743335887016,True,0.08362803235474703
2_8_2720846,0.475,0.2110492558180732,False,-0.0030251100169669254
2_8_2720869,0.039,0.1731542100284043,False,-0.10668978590759437
2_8_2721230,0.81,0.17777642937318847,True,0.049121778188931486
2_8_2721340,0.968,0.4337333503047521,True,0.10767305738917266
2_8_2751207,0.952,0.24348967300738442,True,0.09696222267763899
2_8_2751342,0.952,0.3660538170357197,True,0.09737576698065387
2_8_2760445,0.085,0.17333276706383866,False,-0.07740687144790948
2_8_2760973,0.77,0.27501212970246885,True,0.03944706603238035
2_8_2760994,0.769,0.5166939355146395,True,0.03911676262705477
2_8_2820280,0.069,0.35697516600609086,False,-0.08225810559860713
2_8_2820303,0.62,0.2575549079913427,True,0.017077297525947666
1_1_80273,0.237,0.15591231018335097,False,-0.040261929131736096
1_1_110365,0.135,0.45622621814396574,False,-0.06065602323410468
1_1_190824,0.607,0.11002708004506154,True,0.014435291339225498
1_1_200459,0.066,0.6819500755267675,False,-0.08369688195823644
1_1_200590,0.231,0.33717010828155414,False,-0.04125948654217915
1_1_200630,0.611,0.3711870017269424,True,0.015165807101855
1_1_201041,0.433,0.3414261481074767,False,-0.009453065810103745
1_1_211429,0.23,0.36883397984704264,False,-0.0414348784824734
1_1_212021,0.061,0.2782422512541748,False,-0.08684608894650325
1_1_270336,0.759,0.3047438593720674,True,0.03796091666097112
1_1_270382,0.298,0.5587204884140822,False,-0.030433205184036805
1_1_270390,0.981,0.3108114039944448,True,0.12244374104337441
1_1_270423,0.262,0.1969035922460992,False,-0.03607867520780572
1_1_270462,0.417,0.5007830424235357,False,-0.011664169803730084
1_1_270594,0.587,0.5213579739177541,True,0.011889113225856174
1_1_270851,0.248,0.20691014985367687,False,-0.03792383914381814
1_1_271857,0.579,0.21515661744428707,True,0.010888846924295037
1_1_290539,0.096,0.27818187477414974,False,-0.07199208682046532
1_1_290595,0.052,0.19436307879481182,False,-0.09336369170228442
1_1_300805,0.337,0.3424075259418086,False,-0.02461324655341568
1_1_300838,0.311,0.2555587817471906,False,-0.028294190112908346
1_1_300848,0.611,0.5537918232691693,True,0.015468677165899503
1_1_300867,0.552,0.511436133993142,True,0.007430424418120585
1_1_300961,0.331,0.19870292720290184,False,-0.02548739651385068
1_1_301094,0.531,0.1814313760360369,True,0.004026462418122656
1_1_301115,0.369,0.24756998594785065,False,-0.01915903596049584
1_1_301444,0.497,0.32598497753329947,False,-0.0003735630825538738
1_1_310422,0.086,0.2476111533584983,False,-0.07635861962301105
1_1_351117,0.098,0.21524100761076326,False,-0.07148952723618485
1_1_351163,0.113,0.2303539083446872,False,-0.06746290618617312
1_1_351170,0.848,0.2048426816745197,True,0.059190096791586266
1_1_351247,0.991,0.25490791776868604,True,0.13708572570098077
1_1_351262,0.98,0.37483319787915614,True,0.12060567069616168
1_1_351319,0.967,0.3987130757163911,True,0.10562997643332783
1_1_351324,0.699,0.30253962829422915,True,0.02869495282857315
1_1_351484,0.212,0.4807048085335901,False,-0.04523088355865679
1_1_351533,0.384,0.24293181819201307,False,-0.016251943287741488
1_1_351739,0.995,0.289779348987636,True,0.15504773684379103
1_1_360129,0.94,0.30429808107115913,True,0.08834415951954377
1_1_370681,0.22,0.549820503251104,False,-0.043658851877942606
1_1_380557,0.763,0.6277233518003085,True,0.03857013950830701
1_1_381041,0.412,0.2121669674937747,False,-0.012786623689112098
1_1_390156,0.898,0.3516144025621087,True,0.07272521053857772
1_1_390897,0.704,0.21744630192098702,True,0.0294731313548392
1_1_390908,0.54,0.28961069792579747,True,0.00527129449786945
1_1_430276,0.983,0.2891502910292251,True,0.12585563544714917
1_1_430301,0.373,0.8387607084302393,False,-0.017873105198578987
1_1_430370,0.839,0.17803871812771263,True,0.05652607631117623
1_1_430432,0.482,0.33843933580173835,False,-0.0025641465609349545
1_1_430436,0.987,0.21841125230828204,True,0.12982647061557673
1_1_460573,0.387,0.29453305287984305,False,-0.015740032636193835
1_2_611234,0.552,0.46315760573524933,True,0.007246005222978136
1_2_611333,0.992,0.29897064191912154,True,0.1418174437800369
1_2_630791,0.46,0.242450344116564,False,-0.005054963577566962
1_2_650254,0.112,0.6812392418488414,False,-0.06806597660894953
1_2_691062,0.179,0.5748626229379474,False,-0.05061797739573981
1_2_700959,0.913,0.3933245594483973,True,0.07681241941632477
1_2_701340,0.047,0.2142358756292636,False,-0.09826909229980618
1_2_701760,0.948,0.20802278492834392,True,0.0935797994046963
1_2_701813,0.319,0.38534586826440403,False,-0.027248406928669366
1_2_701912,0.73,0.48410808226762203,True,0.03278695604832538
1_2_701945,0.331,0.5559131865541234,False,-0.025648685405169624
1_2_702019,0.605,0.24953947845861182,True,0.014328752842118542
1_2_702032,0.551,0.4431394401089214,True,0.006877239095902876
1_2_710465,0.27,0.5276123444822797,False,-0.03371848957425305
1_2_711298,0.27,0.39730562314234885,False,-0.03374427722316753
1_2_711705,0.396,0.3969749931102923,False,-0.014813575722764316
1_2_712532,0.047,0.1845096218186433,False,-0.09982472930398734
1_2_721077,0.999,0.5070989903897092,True,0.1815778174521424
1_2_721081,0.95,0.5019581880147145,True,0.09624117543249644
1_2_721126,0.957,0.3586260748189564,True,0.10077920332724877
1_2_721148,0.455,0.3903421591809257,False,-0.006013041308569056
1_2_721151,0.73,0.40857877935104225,True,0.03277572212987334
1_2_721152,0.935,0.28796262277318624,True,0.08343398665387713
1_2_721171,0.739,0.26495543067454125,True,0.03496409509596432
1_2_721174,0.635,0.2706157956005388,True,0.01852630195584315
1_2_721436,0.702,0.3153892926643623,True,0.02913483433013897
1_2_721453,0.831,0.25979108316676625,True,0.05395903969621629
1_2_721548,0.581,0.386224942429093,True,0.011145077071103682
1_2_721762,0.876,0.41306937736177274,True,0.06567318955162538
1_2_721897,0.685,0.34405209526577807,True,0.026421212442378272
1_2_721933,0.651,0.4273096854859762,True,0.022164075841609066
1_2_722015,0.869,0.4195706354896904,True,0.06279308310766474
1_2_730651,0.066,0.3393157525122676,False,-0.08478670426193435
1_2_731044,0.9,0.3845986375049327,True,0.07341184013325464
1_2_731475,0.156,0.18295463267796858,False,-0.0558192600597196
1_2_732062,0.062,0.1988952715308187,False,-0.08642317118926446
1_2_750380,0.008,0.4194616719260609,False,-0.14106327314926292
1_2_781014,0.7,0.2617334246851819,True,0.028928979375730024
1_2_781485,0.425,0.4233167612763523,False,-0.010582877342079744
1_2_790552,0.695,0.4829560963108863,True,0.027979940174557072
1_2_790564,0.689,0.3674016937791192,True,0.02721491316632907
1_2_790799,0.952,0.27457404127232815,True,0.0970709406909076
1_2_791316,0.195,0.17704317386134638,False,-0.048190143541779085
1_2_800701,0.437,0.5575171198148755,False,-0.009146429850964477
1_2_811085,0.586,0.16828483325919108,True,0.011581744507491165
1_2_811523,0.63,0.4797900153978625,True,0.018189991495665025
1_2_811769,0.807,0.6075421434480337,True,0.047786581645336446
1_2_811785,0.305,0.5102340067011076,False,-0.029760631816292626
1_2_811998,0.234,0.3659456913066912,False,-0.040778677752650205
1_2_812030,0.913,0.36943227407146956,True,0.07688379376880505
1_2_812075,0.002,0.23888398444579315,False,-0.1561118682793432
1_2_812080,0.598,0.33914833842444403,True,0.013140203610243373
1_2_812148,0.713,0.29658449078025056,True,0.0305104499148684
1_2_820144,0.231,0.6918346492397118,False,-0.041351020460893784
1_2_820183,0.811,0.45036131490940623,True,0.04972681111346333
1_2_820244,0.732,0.23808456137143627,True,0.03374435739676629
1_2_820304,0.554,0.27008819038091053,True,0.008024500991708594
1_2_820324,0.129,0.39040412365567,False,-0.061788555129332456
1_2_820342,0.939,0.19320382478698744,True,0.08622188881246262
1_2_820343,0.18,0.23236042027743462,False,-0.05041837510910807
1_2_820368,0.049,0.2694345496219895,False,-0.09660368492009064
1_2_820399,0.164,0.28076700917863534,False,-0.05448490490834934
1_2_820407,0.691,0.37263879554072404,True,0.02734301565390218
1_2_831477,0.33,0.2742585994858964,False,-0.025924540080342506
1_2_871400,0.941,0.269204683009265,True,0.08920116128948574
1_2_871415,0.623,0.308111029606441,True,0.01741577952638529
1_2_871424,0.946,0.2782461206359042,True,0.09283376362792328
1_2_871428,0.952,0.29351040033682974,True,0.09697901113907725
1_2_871444,0.991,0.29303883704572037,True,0.1365610057972313
1_2_871448,0.797,0.19485847325327801,True,0.04507909303915314
1_2_871681,0.983,0.22304390783012623,True,0.1246642281304795
1_2_880518,0.547,0.23285109983960126,True,0.006484674374116928
1_2_880741,0.56,0.1976238115685681,True,0.008757388539622157
1_2_880857,0.891,0.2930078445191246,True,0.07001245820302304
1_2_910831,0.745,0.9196961380131958,True,0.03584786989198785
1_2_910850,0.125,0.22558098894179987,False,-0.06220330885721448
1_2_910986,0.854,0.1853063116923094,True,0.060414113322527996
1_2_911050,0.983,0.21395525183015662,True,0.12511579597033617
1_2_911512,0.506,0.36631600059137487,True,0.0008667404924176392
1_2_911556,0.948,0.1747507709833369,True,0.09482190284444969
1_2_911600,0.98,0.2840481103649518,True,0.11966313209429646
1_2_960332,0.737,0.201766432020972,True,0.03443515462135471
1_2_981141,0.407,0.39725521339922115,False,-0.013773533400620819
1_3_1090237,0.594,0.25724646355262926,True,0.01278040822655302
1_3_1210613,0.693,0.4317721556662627,True,0.02760554341343402
1_3_1211574,0.464,0.2793272517456838,False,-0.004669175368930745
1_3_1212320,0.946,0.3596628358793648,True,0.09279375902972686
1_3_1212418,0.81,0.6776200863539121,True,0.048292224731075195
1_3_1240204,0.319,0.6309064988988685,False,-0.02731420740605528
1_3_1290392,0.957,0.5632211811976099,True,0.10029573278127057
1_3_1290431,0.651,0.47810219411261795,True,0.021934118071019193
1_3_1290902,0.73,0.3400725451665503,True,0.03297311954699045
1_3_1291175,0.641,0.2765024695988303,True,0.01946909574860567
1_3_1291326,0.943,0.32818199466109416,True,0.08981856999838089
1_3_1291440,0.292,0.25279996024056905,False,-0.03095008384372311
1_3_1300462,0.81,0.40210750438053944,True,0.04839203777567591
1_3_1310932,0.802,0.21786072649301963,True,0.04602838212722393
1_3_1310966,0.762,0.42020116687493453,True,0.03833099135211859
1_3_1310990,0.848,0.34990906513389797,True,0.05887037947510465
1_3_1311032,0.044,0.4321261513956201,False,-0.10364273241875721
1_3_1311255,0.444,0.47465386396046366,False,-0.008211702993983439
1_3_1340489,0.628,0.6011450669906445,True,0.01774287493348181
1_3_1450522,0.977,0.3594573764637571,True,0.11563822909808263
1_3_1450572,0.115,0.361373826984441,False,-0.06652042182640638
1_4_1530946,0.23,0.7937642840099209,False,-0.04137880747689704
1_4_1611167,0.373,0.17599965621783248,False,-0.017899033251313368
1_4_1611205,0.331,0.626591754961867,False,-0.025622085244393578
1_4_1611932,0.932,0.4596899719160387,True,0.08194526818964532
1_4_1621033,0.599,0.519687479410336,True,0.013326204548658405
1_4_1632384,0.46,0.33088224101796776,False,-0.005055717606913035
1_4_1632385,0.322,0.2068183598694791,False,-0.026879029924976594
1_4_1632407,0.946,0.3570401761133996,True,0.09244389252426433
1_4_1632681,0.457,0.21811409378777938,False,-0.00528046048734887
1_4_1640333,0.745,0.47622929060560926,True,0.035746271152667264
1_4_1640513,0.826,0.49652189859248774,True,0.05286294558153348
1_4_1640627,0.611,0.2417189564990481,True,0.015120983735589455
1_4_1640680,0.526,0.36855187273213674,True,0.0031537252153851503
1_4_1640783,0.549,0.32385359679040154,True,0.006614149251534807
1_4_1640810,0.957,0.4725215754023234,True,0.10055937058454756
1_4_1641112,0.77,0.21169715723191201,True,0.03949404530889988
1_4_1642166,0.957,0.25311206449207896,True,0.10003513567416522
1_4_1690552,0.762,0.478180406673336,True,0.03808373176046331
1_4_1691164,0.437,0.3719085590303295,False,-0.009102467306797646
1_4_1692056,0.772,0.262805617138397,True,0.0399043173001693
1_4_1700164,0.649,0.40582921317624737,True,0.020742177397129802
1_4_1700952,0.349,0.20616265838560938,False,-0.02321002378996706
1_4_1701295,0.635,0.17616736479600165,True,0.01857153287019231
1_4_1711098,0.134,0.660957499286492,False,-0.060984079149860815
1_4_1720744,0.822,0.18781918166584058,True,0.051656178009806486
1_4_1720974,0.351,0.20688071640222822,False,-0.022639038889519236
1_4_1721061,0.841,0.5281297319369774,True,0.05690680157085315
1_4_1721074,0.563,0.24390845410787187,True,0.00951803020262565
1_4_1721267,0.843,0.21786462252891434,True,0.05749344932782463
1_4_1721275,0.352,0.20950461006965587,False,-0.02248841243674371
1_4_1721310,0.399,0.2782070309412134,False,-0.014421148052236488
1_4_1721367,0.767,0.2545154198883254,True,0.03888934435167235
1_4_1721407,0.759,0.21712075936954855,True,0.03780320609380905
1_4_1730966,0.114,0.5378280767983409,False,-0.0672991797532394
1_4_1771845,0.898,0.2616805078114261,True,0.07253520120081469
1_4_1800165,0.678,0.6022593410219528,True,0.02532483606760283
1_4_1810318,0.977,0.21217019794693287,True,0.11616548890822553
1_4_1810429,0.976,0.23389052505671323,True,0.11416561571526163
1_4_1810924,0.375,0.23073200238703578,False,-0.017343044630602877
1_4_1811109,0.746,0.24177167002740507,True,0.03599811326624036
1_4_1811132,0.724,0.19811614726020263,True,0.031566500424753174
1_4_1811183,0.995,0.29885573358403783,True,0.15295822825660288
1_4_1811214,0.995,0.2562247241792462,True,0.15292110277545523
1_4_1820853,0.147,0.2398979637865586,False,-0.0578647981782201
1_4_1850646,0.694,0.18427240034076844,True,0.027942341491233758
1_4_1850684,0.731,0.19942246432568073,True,0.03329995654235207
1_4_1850690,0.237,0.22703997633910894,False,-0.03992389226536397
1_4_1850698,0.98,0.26042503059781075,True,0.12025644716310613
1_4_1850751,0.945,0.2400864829103929,True,0.09183373239648474
1_4_1850785,0.945,0.3396867642491169,True,0.09188837350117618
1_4_1871079,0.121,0.38025862541378247,False,-0.06428677512844927
